State,County,Lawyers
Alabama,Autauga,82
Alabama,Baldwin,583
Alabama,Barbour,34
Alabama,Bibb,16
Alabama,Blount,58
Alabama,Bullock,18
Alabama,Butler,27
Alabama,Calhoun,199
Alabama,Chambers,33
Alabama,Cherokee,16
Alabama,Chilton,49
Alabama,Choctaw,18
Alabama,Clarke,31
Alabama,Clay,14
Alabama,Cleburne,9
Alabama,Coffee,85
Alabama,Colbert,70
Alabama,Conecuh,11
Alabama,Coosa,9
Alabama,Covington,58
Alabama,Crenshaw,12
Alabama,Cullman,103
Alabama,Dale,40
Alabama,Dallas,77
Alabama,DeKalb,63
Alabama,Elmore,126
Alabama,Escambia,54
Alabama,Etowah,169
Alabama,Fayette,15
Alabama,Franklin,24
Alabama,Geneva,22
Alabama,Greene,8
Alabama,Hale,12
Alabama,Henry,17
Alabama,Houston,242
Alabama,Jackson,53
Alabama,Jefferson,5588
Alabama,Lamar,11
Alabama,Lauderdale,210
Alabama,Lawrence,33
Alabama,Lee,271
Alabama,Limestone,74
Alabama,Lowndes,7
Alabama,Macon,27
Alabama,Madison,991
Alabama,Marengo,21
Alabama,Marion,33
Alabama,Marshall,124
Alabama,Mobile,1292
Alabama,Monroe,31
Alabama,Montgomery,1643
Alabama,Morgan,158
Alabama,Perry,9
Alabama,Pickens,19
Alabama,Pike,53
Alabama,Randolph,17
Alabama,Russell,60
Alabama,Shelby,729
Alabama,St. Clair,106
Alabama,Sumter,17
Alabama,Talladega,96
Alabama,Tallapoosa,60
Alabama,Tuscaloosa,579
Alabama,Walker,122
Alabama,Washington,16
Alabama,Wilcox,12
Alabama,Winston,28
Alaska,Anchorage,1540
Alaska,Bethel,24
Alaska,Chugach,2
Alaska,Dillingham,5
Alaska,Fairbanks North Star,188
Alaska,Haines,2
Alaska,Juneau,204
Alaska,Kenai Peninsula,93
Alaska,Ketchikan Gateway,30
Alaska,Kodiak Island,20
Alaska,Matanuska-Susitna,120
Alaska,Nome,13
Alaska,North Slope,8
Alaska,Northwest Arctic,6
Alaska,Petersburg,3
Alaska,Prince of Wales-Hyder,1
Alaska,Sitka,22
Alaska,Skagway,1
Alaska,Southeast Fairbanks,2
Alaska,Valdez-Cordova,3
Arizona,Apache,35
Arizona,Cochise,95
Arizona,Coconino,218
Arizona,Gila,54
Arizona,Graham,18
Arizona,Greenlee,4
Arizona,La Paz,13
Arizona,Maricopa,12180
Arizona,Mohave,139
Arizona,Navajo,71
Arizona,Pima,2203
Arizona,Pinal,203
Arizona,Santa Cruz,42
Arizona,Yavapai,291
Arizona,Yuma,138
Arkansas,Arkansas,27
Arkansas,Ashley,20
Arkansas,Baxter,56
Arkansas,Benton,637
Arkansas,Boone,49
Arkansas,Bradley,7
Arkansas,Calhoun,2
Arkansas,Carroll,32
Arkansas,Chicot,15
Arkansas,Clark,46
Arkansas,Clay,10
Arkansas,Cleburne,41
Arkansas,Cleveland,0
Arkansas,Columbia,23
Arkansas,Conway,27
Arkansas,Craighead,252
Arkansas,Crawford,63
Arkansas,Crittenden,50
Arkansas,Cross,19
Arkansas,Dallas,7
Arkansas,Desha,18
Arkansas,Drew,32
Arkansas,Faulkner,232
Arkansas,Franklin,15
Arkansas,Fulton,4
Arkansas,Garland,226
Arkansas,Grant,19
Arkansas,Greene,35
Arkansas,Hempstead,22
Arkansas,Hot Spring,32
Arkansas,Howard,8
Arkansas,Independence,55
Arkansas,Izard,14
Arkansas,Jackson,18
Arkansas,Jefferson,118
Arkansas,Johnson,15
Arkansas,Lafayette,2
Arkansas,Lawrence,9
Arkansas,Lee,12
Arkansas,Lincoln,11
Arkansas,Little River,9
Arkansas,Logan,16
Arkansas,Lonoke,78
Arkansas,Madison,10
Arkansas,Marion,11
Arkansas,Miller,44
Arkansas,Mississippi,33
Arkansas,Monroe,8
Arkansas,Montgomery,3
Arkansas,Nevada,9
Arkansas,Newton,4
Arkansas,Ouachita,22
Arkansas,Perry,9
Arkansas,Phillips,33
Arkansas,Pike,4
Arkansas,Poinsett,17
Arkansas,Polk,21
Arkansas,Pope,91
Arkansas,Prairie,9
Arkansas,Pulaski,3415
Arkansas,Randolph,16
Arkansas,Saline,189
Arkansas,Scott,4
Arkansas,Searcy,6
Arkansas,Sebastian,351
Arkansas,Sevier,8
Arkansas,Sharp,17
Arkansas,St. Francis,25
Arkansas,Stone,11
Arkansas,Union,80
Arkansas,Van Buren,25
Arkansas,Washington,1034
Arkansas,White,103
Arkansas,Woodruff,6
Arkansas,Yell,14
California,Alameda,9879
California,Alpine,5
California,Amador,99
California,Butte,463
California,Calaveras,86
California,Colusa,28
California,Contra Costa,5685
California,Del Norte,52
California,El Dorado,553
California,Fresno,2328
California,Glenn,26
California,Humboldt,331
California,Imperial,164
California,Inyo,50
California,Kern,1040
California,Kings,115
California,Lake,114
California,Lassen,30
California,Los Angeles,65045
California,Madera,141
California,Marin,3370
California,Mariposa,26
California,Mendocino,288
California,Merced,205
California,Modoc,9
California,Mono,50
California,Monterey,1243
California,Napa,635
California,Nevada,442
California,Orange,20081
California,Placer,1596
California,Plumas,57
California,Riverside,4148
California,Sacramento,10033
California,San Benito,63
California,San Bernardino,2785
California,San Diego,19416
California,San Francisco,20708
California,San Joaquin,979
California,San Luis Obispo,1079
California,San Mateo,6029
California,Santa Barbara,1945
California,Santa Clara,11682
California,Santa Cruz,1052
California,Shasta,458
California,Sierra,6
California,Siskiyou,95
California,Solano,742
California,Sonoma,2315
California,Stanislaus,670
California,Sutter,135
California,Tehama,73
California,Trinity,26
California,Tulare,448
California,Tuolumne,109
California,Ventura,3607
California,Yolo,894
California,Yuba,89
Colorado,Adams,326
Colorado,Alamosa,28
Colorado,Arapahoe,1585
Colorado,Archuleta,9
Colorado,Baca,2
Colorado,Bent,1
Colorado,Boulder,1153
Colorado,Broomfield,73
Colorado,Chaffee,50
Colorado,Cheyenne,0
Colorado,Clear Creek,8
Colorado,Conejos,1
Colorado,Costilla,1
Colorado,Crowley,0
Colorado,Custer,2
Colorado,Delta,25
Colorado,Denver,7404
Colorado,Dolores,1
Colorado,Douglas,331
Colorado,Eagle,131
Colorado,El Paso,909
Colorado,Elbert,15
Colorado,Fremont,21
Colorado,Garfield,134
Colorado,Gilpin,1
Colorado,Grand,21
Colorado,Gunnison,42
Colorado,Hinsdale,0
Colorado,Huerfano,5
Colorado,Jackson,1
Colorado,Jefferson,1097
Colorado,Kiowa,1
Colorado,Kit Carson,5
Colorado,La Plata,168
Colorado,Lake,8
Colorado,Larimer,519
Colorado,Las Animas,16
Colorado,Lincoln,3
Colorado,Logan,26
Colorado,Mesa,229
Colorado,Mineral,2
Colorado,Moffat,10
Colorado,Montezuma,24
Colorado,Montrose,50
Colorado,Morgan,19
Colorado,Otero,24
Colorado,Ouray,7
Colorado,Park,6
Colorado,Phillips,2
Colorado,Pitkin,89
Colorado,Prowers,11
Colorado,Pueblo,150
Colorado,Rio Blanco,2
Colorado,Rio Grande,13
Colorado,Routt,82
Colorado,Saguache,2
Colorado,San Juan,2
Colorado,San Miguel,28
Colorado,Sedgwick,1
Colorado,Summit,67
Colorado,Teller,16
Colorado,Washington,2
Colorado,Weld,242
Colorado,Yuma,5
Connecticut,Fairfield,6102
Connecticut,Hartford,7960
Connecticut,Litchfield,525
Connecticut,Middlesex,532
Connecticut,New Haven,4458
Connecticut,New London,817
Connecticut,Tolland,273
Connecticut,Windham,210
Delaware,Kent,164
Delaware,New Castle,2068
Delaware,Sussex,255
Florida,Alachua,1002
Florida,Baker,12
Florida,Bay,319
Florida,Bradford,22
Florida,Brevard,1121
Florida,Broward,10045
Florida,Calhoun,3
Florida,Charlotte,215
Florida,Citrus,119
Florida,Clay,254
Florida,Collier,1120
Florida,Columbia,115
Florida,DeSoto,19
Florida,Dixie,4
Florida,Duval,4003
Florida,Escambia,862
Florida,Flagler,93
Florida,Franklin,19
Florida,Gadsden,35
Florida,Gilchrist,9
Florida,Glades,0
Florida,Gulf,14
Florida,Hamilton,7
Florida,Hardee,11
Florida,Hendry,31
Florida,Hernando,210
Florida,Highlands,105
Florida,Hillsborough,7429
Florida,Holmes,7
Florida,Indian River,352
Florida,Jackson,47
Florida,Jefferson,33
Florida,Lafayette,4
Florida,Lake,412
Florida,Lee,1416
Florida,Leon,3263
Florida,Levy,38
Florida,Liberty,3
Florida,Madison,12
Florida,Manatee,681
Florida,Marion,476
Florida,Martin,548
Florida,Miami-Dade,16237
Florida,Monroe,278
Florida,Nassau,113
Florida,Okaloosa,338
Florida,Okeechobee,38
Florida,Orange,6555
Florida,Osceola,326
Florida,Palm Beach,7816
Florida,Pasco,521
Florida,Pinellas,3690
Florida,Polk,942
Florida,Putnam,87
Florida,Santa Rosa,144
Florida,Sarasota,1429
Florida,Seminole,1144
Florida,St. Johns,616
Florida,St. Lucie,387
Florida,Sumter,90
Florida,Suwannee,54
Florida,Taylor,23
Florida,Union,4
Florida,Volusia,1083
Florida,Wakulla,25
Florida,Walton,134
Florida,Washington,16
Georgia,Appling,9
Georgia,Atkinson,3
Georgia,Bacon,6
Georgia,Baker,0
Georgia,Baldwin,61
Georgia,Banks,5
Georgia,Barrow,63
Georgia,Bartow,126
Georgia,Ben Hill,14
Georgia,Berrien,15
Georgia,Bibb,689
Georgia,Bleckley,12
Georgia,Brantley,2
Georgia,Brooks,5
Georgia,Bryan,37
Georgia,Bulloch,102
Georgia,Burke,5
Georgia,Butts,24
Georgia,Calhoun,1
Georgia,Camden,37
Georgia,Candler,12
Georgia,Carroll,155
Georgia,Catoosa,43
Georgia,Charlton,4
Georgia,Chatham,951
Georgia,Chattahoochee,1
Georgia,Chattooga,25
Georgia,Cherokee,348
Georgia,Clarke,411
Georgia,Clay,0
Georgia,Clayton,288
Georgia,Clinch,8
Georgia,Cobb,3147
Georgia,Coffee,46
Georgia,Colquitt,46
Georgia,Columbia,143
Georgia,Cook,19
Georgia,Coweta,172
Georgia,Crawford,4
Georgia,Crisp,34
Georgia,Dade,9
Georgia,Dawson,29
Georgia,DeKalb,3350
Georgia,Decatur,27
Georgia,Dodge,20
Georgia,Dooly,7
Georgia,Dougherty,215
Georgia,Douglas,204
Georgia,Early,13
Georgia,Echols,0
Georgia,Effingham,29
Georgia,Elbert,23
Georgia,Emanuel,26
Georgia,Evans,8
Georgia,Fannin,47
Georgia,Fayette,293
Georgia,Floyd,180
Georgia,Forsyth,373
Georgia,Franklin,28
Georgia,Fulton,14418
Georgia,Gilmer,38
Georgia,Glascock,1
Georgia,Glynn,273
Georgia,Gordon,41
Georgia,Grady,13
Georgia,Greene,36
Georgia,Gwinnett,1871
Georgia,Habersham,60
Georgia,Hall,353
Georgia,Hancock,5
Georgia,Haralson,21
Georgia,Harris,19
Georgia,Hart,20
Georgia,Heard,5
Georgia,Henry,280
Georgia,Houston,167
Georgia,Irwin,7
Georgia,Jackson,57
Georgia,Jasper,11
Georgia,Jeff Davis,10
Georgia,Jefferson,8
Georgia,Jenkins,5
Georgia,Johnson,1
Georgia,Jones,21
Georgia,Lamar,10
Georgia,Lanier,3
Georgia,Laurens,69
Georgia,Lee,9
Georgia,Liberty,57
Georgia,Lincoln,4
Georgia,Long,1
Georgia,Lowndes,215
Georgia,Lumpkin,45
Georgia,Macon,2
Georgia,Madison,14
Georgia,Marion,2
Georgia,McDuffie,28
Georgia,McIntosh,25
Georgia,Meriwether,16
Georgia,Miller,5
Georgia,Mitchell,16
Georgia,Monroe,51
Georgia,Montgomery,1
Georgia,Morgan,36
Georgia,Murray,7
Georgia,Muscogee,445
Georgia,Newton,98
Georgia,Oconee,106
Georgia,Oglethorpe,7
Georgia,Paulding,104
Georgia,Peach,22
Georgia,Pickens,58
Georgia,Pierce,8
Georgia,Pike,21
Georgia,Polk,41
Georgia,Pulaski,9
Georgia,Putnam,18
Georgia,Quitman,2
Georgia,Rabun,39
Georgia,Randolph,8
Georgia,Richmond,460
Georgia,Rockdale,168
Georgia,Schley,1
Georgia,Screven,6
Georgia,Seminole,8
Georgia,Spalding,88
Georgia,Stephens,32
Georgia,Stewart,6
Georgia,Sumter,43
Georgia,Talbot,3
Georgia,Taliaferro,2
Georgia,Tattnall,7
Georgia,Taylor,4
Georgia,Telfair,5
Georgia,Terrell,9
Georgia,Thomas,70
Georgia,Tift,77
Georgia,Toombs,37
Georgia,Towns,17
Georgia,Treutlen,3
Georgia,Troup,74
Georgia,Turner,7
Georgia,Twiggs,1
Georgia,Union,32
Georgia,Upson,29
Georgia,Walker,71
Georgia,Walton,98
Georgia,Ware,66
Georgia,Warren,5
Georgia,Washington,9
Georgia,Wayne,25
Georgia,Webster,0
Georgia,Wheeler,1
Georgia,White,31
Georgia,Whitfield,154
Georgia,Wilcox,1
Georgia,Wilkes,8
Georgia,Wilkinson,5
Georgia,Worth,5
Hawaii,Hawaii,390
Hawaii,Honolulu,4643
Hawaii,Kalawao,0
Hawaii,Kauai,139
Hawaii,Maui,340
Idaho,Ada,2104
Idaho,Adams,3
Idaho,Bannock,153
Idaho,Bear Lake,2
Idaho,Benewah,10
Idaho,Bingham,37
Idaho,Blaine,74
Idaho,Boise,1
Idaho,Bonner,71
Idaho,Bonneville,262
Idaho,Boundary,10
Idaho,Butte,1
Idaho,Camas,0
Idaho,Canyon,213
Idaho,Caribou,4
Idaho,Cassia,28
Idaho,Clark,0
Idaho,Clearwater,7
Idaho,Custer,2
Idaho,Elmore,17
Idaho,Franklin,10
Idaho,Fremont,10
Idaho,Gem,14
Idaho,Gooding,10
Idaho,Idaho,17
Idaho,Jefferson,7
Idaho,Jerome,16
Idaho,Kootenai,313
Idaho,Latah,94
Idaho,Lemhi,7
Idaho,Lewis,3
Idaho,Lincoln,0
Idaho,Madison,37
Idaho,Minidoka,16
Idaho,Nez Perce,83
Idaho,Oneida,3
Idaho,Owyhee,4
Idaho,Payette,16
Idaho,Power,7
Idaho,Shoshone,6
Idaho,Teton,20
Idaho,Twin Falls,148
Idaho,Valley,20
Idaho,Washington,11
Illinois,Adams,111
Illinois,Alexander,7
Illinois,Bond,14
Illinois,Boone,45
Illinois,Brown,11
Illinois,Bureau,28
Illinois,Calhoun,5
Illinois,Carroll,13
Illinois,Cass,9
Illinois,Champaign,539
Illinois,Christian,35
Illinois,Clark,13
Illinois,Clay,11
Illinois,Clinton,23
Illinois,Coles,84
Illinois,Cook,46345
Illinois,Crawford,19
Illinois,Cumberland,7
Illinois,De Witt,17
Illinois,DeKalb,168
Illinois,Douglas,19
Illinois,DuPage,4312
Illinois,Edgar,20
Illinois,Edwards,4
Illinois,Effingham,56
Illinois,Fayette,22
Illinois,Ford,13
Illinois,Franklin,49
Illinois,Fulton,29
Illinois,Gallatin,7
Illinois,Greene,17
Illinois,Grundy,73
Illinois,Hamilton,10
Illinois,Hancock,13
Illinois,Hardin,3
Illinois,Henderson,9
Illinois,Henry,45
Illinois,Iroquois,21
Illinois,Jackson,189
Illinois,Jasper,9
Illinois,Jefferson,109
Illinois,Jersey,17
Illinois,Jo Daviess,34
Illinois,Johnson,11
Illinois,Kane,1139
Illinois,Kankakee,111
Illinois,Kendall,100
Illinois,Knox,51
Illinois,LaSalle,205
Illinois,Lake,3023
Illinois,Lawrence,13
Illinois,Lee,37
Illinois,Livingston,43
Illinois,Logan,22
Illinois,Macon,210
Illinois,Macoupin,34
Illinois,Madison,725
Illinois,Marion,42
Illinois,Marshall,9
Illinois,Mason,10
Illinois,Massac,15
Illinois,McDonough,38
Illinois,McHenry,568
Illinois,McLean,543
Illinois,Menard,10
Illinois,Mercer,6
Illinois,Monroe,34
Illinois,Montgomery,22
Illinois,Morgan,39
Illinois,Moultrie,13
Illinois,Ogle,52
Illinois,Peoria,722
Illinois,Perry,23
Illinois,Piatt,23
Illinois,Pike,11
Illinois,Pope,5
Illinois,Pulaski,3
Illinois,Putnam,9
Illinois,Randolph,27
Illinois,Richland,22
Illinois,Rock Island,330
Illinois,Saline,43
Illinois,Sangamon,1137
Illinois,Schuyler,9
Illinois,Scott,5
Illinois,Shelby,16
Illinois,St. Clair,694
Illinois,Stark,6
Illinois,Stephenson,53
Illinois,Tazewell,112
Illinois,Union,29
Illinois,Vermilion,101
Illinois,Wabash,14
Illinois,Warren,19
Illinois,Washington,21
Illinois,Wayne,12
Illinois,White,12
Illinois,Whiteside,79
Illinois,Will,981
Illinois,Williamson,137
Illinois,Winnebago,718
Illinois,Woodford,25
Indiana,Adams,30
Indiana,Allen,793
Indiana,Bartholomew,103
Indiana,Benton,10
Indiana,Blackford,10
Indiana,Boone,159
Indiana,Brown,19
Indiana,Carroll,20
Indiana,Cass,45
Indiana,Clark,131
Indiana,Clay,18
Indiana,Clinton,27
Indiana,Crawford,7
Indiana,Daviess,21
Indiana,DeKalb,41
Indiana,Dearborn,54
Indiana,Decatur,32
Indiana,Delaware,149
Indiana,Dubois,57
Indiana,Elkhart,256
Indiana,Fayette,18
Indiana,Floyd,161
Indiana,Fountain,22
Indiana,Franklin,17
Indiana,Fulton,16
Indiana,Gibson,25
Indiana,Grant,68
Indiana,Greene,24
Indiana,Hamilton,1174
Indiana,Hancock,114
Indiana,Harrison,28
Indiana,Hendricks,193
Indiana,Henry,35
Indiana,Howard,87
Indiana,Huntington,38
Indiana,Jackson,46
Indiana,Jasper,28
Indiana,Jay,16
Indiana,Jefferson,36
Indiana,Jennings,19
Indiana,Johnson,239
Indiana,Knox,42
Indiana,Kosciusko,97
Indiana,LaGrange,21
Indiana,LaPorte,136
Indiana,Lake,1049
Indiana,Lawrence,42
Indiana,Madison,155
Indiana,Marion,6534
Indiana,Marshall,45
Indiana,Martin,8
Indiana,Miami,30
Indiana,Monroe,404
Indiana,Montgomery,42
Indiana,Morgan,73
Indiana,Newton,19
Indiana,Noble,38
Indiana,Ohio,9
Indiana,Orange,17
Indiana,Owen,17
Indiana,Parke,10
Indiana,Perry,16
Indiana,Pike,11
Indiana,Porter,358
Indiana,Posey,17
Indiana,Pulaski,17
Indiana,Putnam,29
Indiana,Randolph,19
Indiana,Ripley,35
Indiana,Rush,20
Indiana,Scott,25
Indiana,Shelby,72
Indiana,Spencer,15
Indiana,St. Joseph,587
Indiana,Starke,18
Indiana,Steuben,39
Indiana,Sullivan,16
Indiana,Switzerland,9
Indiana,Tippecanoe,307
Indiana,Tipton,11
Indiana,Union,6
Indiana,Vanderburgh,474
Indiana,Vermillion,11
Indiana,Vigo,197
Indiana,Wabash,26
Indiana,Warren,9
Indiana,Warrick,63
Indiana,Washington,24
Indiana,Wayne,66
Indiana,Wells,22
Indiana,White,28
Indiana,Whitley,32
Iowa,Adair,10
Iowa,Adams,2
Iowa,Allamakee,13
Iowa,Appanoose,12
Iowa,Audubon,5
Iowa,Benton,21
Iowa,Black Hawk,186
Iowa,Boone,33
Iowa,Bremer,35
Iowa,Buchanan,15
Iowa,Buena Vista,29
Iowa,Butler,16
Iowa,Calhoun,7
Iowa,Carroll,22
Iowa,Cass,11
Iowa,Cedar,24
Iowa,Cerro Gordo,69
Iowa,Cherokee,17
Iowa,Chickasaw,12
Iowa,Clarke,11
Iowa,Clay,18
Iowa,Clayton,17
Iowa,Clinton,45
Iowa,Crawford,17
Iowa,Dallas,520
Iowa,Davis,8
Iowa,Decatur,8
Iowa,Delaware,12
Iowa,Des Moines,53
Iowa,Dickinson,53
Iowa,Dubuque,159
Iowa,Emmet,6
Iowa,Fayette,20
Iowa,Floyd,18
Iowa,Franklin,13
Iowa,Fremont,4
Iowa,Greene,18
Iowa,Grundy,10
Iowa,Guthrie,21
Iowa,Hamilton,16
Iowa,Hancock,15
Iowa,Hardin,13
Iowa,Harrison,6
Iowa,Henry,24
Iowa,Howard,6
Iowa,Humboldt,8
Iowa,Ida,7
Iowa,Iowa,40
Iowa,Jackson,17
Iowa,Jasper,49
Iowa,Jefferson,38
Iowa,Johnson,510
Iowa,Jones,18
Iowa,Keokuk,7
Iowa,Kossuth,27
Iowa,Lee,35
Iowa,Linn,529
Iowa,Louisa,8
Iowa,Lucas,12
Iowa,Lyon,12
Iowa,Madison,33
Iowa,Mahaska,18
Iowa,Marion,43
Iowa,Marshall,51
Iowa,Mills,23
Iowa,Mitchell,8
Iowa,Monona,7
Iowa,Monroe,7
Iowa,Montgomery,12
Iowa,Muscatine,56
Iowa,O'Brien,15
Iowa,Osceola,8
Iowa,Page,9
Iowa,Palo Alto,5
Iowa,Plymouth,30
Iowa,Pocahontas,7
Iowa,Polk,2574
Iowa,Pottawattamie,141
Iowa,Poweshiek,24
Iowa,Ringgold,2
Iowa,Sac,13
Iowa,Scott,381
Iowa,Shelby,11
Iowa,Sioux,31
Iowa,Story,145
Iowa,Tama,16
Iowa,Taylor,1
Iowa,Union,15
Iowa,Van Buren,5
Iowa,Wapello,42
Iowa,Warren,154
Iowa,Washington,32
Iowa,Wayne,6
Iowa,Webster,38
Iowa,Winnebago,9
Iowa,Winneshiek,35
Iowa,Woodbury,205
Iowa,Worth,6
Iowa,Wright,13
Kansas,Allen,15
Kansas,Anderson,7
Kansas,Atchison,19
Kansas,Barber,5
Kansas,Barton,40
Kansas,Bourbon,16
Kansas,Brown,11
Kansas,Butler,42
Kansas,Chase,3
Kansas,Chautauqua,5
Kansas,Cherokee,29
Kansas,Cheyenne,3
Kansas,Clark,5
Kansas,Clay,8
Kansas,Cloud,8
Kansas,Coffey,10
Kansas,Comanche,2
Kansas,Cowley,31
Kansas,Crawford,55
Kansas,Decatur,3
Kansas,Dickinson,14
Kansas,Doniphan,10
Kansas,Douglas,301
Kansas,Edwards,1
Kansas,Elk,4
Kansas,Ellis,56
Kansas,Ellsworth,11
Kansas,Finney,54
Kansas,Ford,37
Kansas,Franklin,28
Kansas,Geary,50
Kansas,Gove,1
Kansas,Graham,3
Kansas,Grant,6
Kansas,Gray,4
Kansas,Greeley,3
Kansas,Greenwood,5
Kansas,Hamilton,2
Kansas,Harper,7
Kansas,Harvey,40
Kansas,Haskell,4
Kansas,Hodgeman,1
Kansas,Jackson,12
Kansas,Jefferson,10
Kansas,Jewell,2
Kansas,Johnson,2246
Kansas,Kearny,1
Kansas,Kingman,7
Kansas,Kiowa,1
Kansas,Labette,12
Kansas,Lane,1
Kansas,Leavenworth,63
Kansas,Lincoln,5
Kansas,Linn,7
Kansas,Logan,3
Kansas,Lyon,39
Kansas,Marion,5
Kansas,Marshall,10
Kansas,McPherson,35
Kansas,Meade,1
Kansas,Miami,25
Kansas,Mitchell,12
Kansas,Montgomery,37
Kansas,Morris,6
Kansas,Morton,5
Kansas,Nemaha,8
Kansas,Neosho,27
Kansas,Ness,1
Kansas,Norton,8
Kansas,Osage,13
Kansas,Osborne,6
Kansas,Ottawa,6
Kansas,Pawnee,8
Kansas,Phillips,5
Kansas,Pottawatomie,14
Kansas,Pratt,17
Kansas,Rawlins,2
Kansas,Reno,83
Kansas,Republic,6
Kansas,Rice,9
Kansas,Riley,131
Kansas,Rooks,5
Kansas,Rush,2
Kansas,Russell,7
Kansas,Saline,104
Kansas,Scott,7
Kansas,Sedgwick,1307
Kansas,Seward,25
Kansas,Shawnee,1071
Kansas,Sheridan,3
Kansas,Sherman,8
Kansas,Smith,4
Kansas,Stafford,1
Kansas,Stanton,2
Kansas,Stevens,7
Kansas,Sumner,23
Kansas,Thomas,12
Kansas,Trego,4
Kansas,Wabaunsee,5
Kansas,Wallace,2
Kansas,Washington,3
Kansas,Wichita,2
Kansas,Wilson,4
Kansas,Woodson,3
Kansas,Wyandotte,326
Kentucky,Adair,21
Kentucky,Allen,11
Kentucky,Anderson,35
Kentucky,Ballard,8
Kentucky,Barren,58
Kentucky,Bath,14
Kentucky,Bell,40
Kentucky,Boone,266
Kentucky,Bourbon,39
Kentucky,Boyd,118
Kentucky,Boyle,75
Kentucky,Bracken,11
Kentucky,Breathitt,18
Kentucky,Breckinridge,11
Kentucky,Bullitt,81
Kentucky,Butler,7
Kentucky,Caldwell,16
Kentucky,Calloway,52
Kentucky,Campbell,277
Kentucky,Carlisle,2
Kentucky,Carroll,16
Kentucky,Carter,23
Kentucky,Casey,9
Kentucky,Christian,79
Kentucky,Clark,52
Kentucky,Clay,31
Kentucky,Clinton,14
Kentucky,Crittenden,11
Kentucky,Cumberland,8
Kentucky,Daviess,212
Kentucky,Edmonson,6
Kentucky,Elliott,5
Kentucky,Estill,9
Kentucky,Fayette,2291
Kentucky,Fleming,14
Kentucky,Floyd,93
Kentucky,Franklin,610
Kentucky,Fulton,11
Kentucky,Gallatin,6
Kentucky,Garrard,18
Kentucky,Grant,26
Kentucky,Graves,39
Kentucky,Grayson,29
Kentucky,Green,10
Kentucky,Greenup,47
Kentucky,Hancock,10
Kentucky,Hardin,154
Kentucky,Harlan,33
Kentucky,Harrison,28
Kentucky,Hart,13
Kentucky,Henderson,92
Kentucky,Henry,23
Kentucky,Hickman,7
Kentucky,Hopkins,72
Kentucky,Jackson,7
Kentucky,Jefferson,4940
Kentucky,Jessamine,98
Kentucky,Johnson,51
Kentucky,Kenton,790
Kentucky,Knott,24
Kentucky,Knox,38
Kentucky,Larue,17
Kentucky,Laurel,124
Kentucky,Lawrence,16
Kentucky,Lee,3
Kentucky,Leslie,16
Kentucky,Letcher,28
Kentucky,Lewis,7
Kentucky,Lincoln,17
Kentucky,Livingston,9
Kentucky,Logan,25
Kentucky,Lyon,15
Kentucky,Madison,157
Kentucky,Magoffin,20
Kentucky,Marion,31
Kentucky,Marshall,31
Kentucky,Martin,13
Kentucky,Mason,32
Kentucky,McCracken,240
Kentucky,McCreary,8
Kentucky,McLean,4
Kentucky,Meade,19
Kentucky,Menifee,3
Kentucky,Mercer,36
Kentucky,Metcalfe,8
Kentucky,Monroe,8
Kentucky,Montgomery,38
Kentucky,Morgan,11
Kentucky,Muhlenberg,26
Kentucky,Nelson,63
Kentucky,Nicholas,5
Kentucky,Ohio,21
Kentucky,Oldham,243
Kentucky,Owen,14
Kentucky,Owsley,3
Kentucky,Pendleton,12
Kentucky,Perry,71
Kentucky,Pike,165
Kentucky,Powell,16
Kentucky,Pulaski,104
Kentucky,Robertson,2
Kentucky,Rockcastle,16
Kentucky,Rowan,50
Kentucky,Russell,19
Kentucky,Scott,105
Kentucky,Shelby,104
Kentucky,Simpson,17
Kentucky,Spencer,24
Kentucky,Taylor,38
Kentucky,Todd,9
Kentucky,Trigg,12
Kentucky,Trimble,5
Kentucky,Union,10
Kentucky,Warren,316
Kentucky,Washington,14
Kentucky,Wayne,20
Kentucky,Webster,11
Kentucky,Whitley,77
Kentucky,Wolfe,10
Kentucky,Woodford,110
Louisiana,Acadia,61
Louisiana,Allen,29
Louisiana,Ascension,242
Louisiana,Assumption,19
Louisiana,Avoyelles,61
Louisiana,Beauregard,31
Louisiana,Bienville,11
Louisiana,Bossier,142
Louisiana,Caddo,851
Louisiana,Calcasieu,548
Louisiana,Caldwell,19
Louisiana,Cameron,5
Louisiana,Catahoula,8
Louisiana,Claiborne,8
Louisiana,Concordia,31
Louisiana,De Soto,26
Louisiana,East Baton Rouge,3538
Louisiana,East Carroll,4
Louisiana,East Feliciana,31
Louisiana,Evangeline,42
Louisiana,Franklin,17
Louisiana,Grant,9
Louisiana,Iberia,124
Louisiana,Iberville,81
Louisiana,Jackson,11
Louisiana,Jefferson,2444
Louisiana,Jefferson Davis,31
Louisiana,La Salle,15
Louisiana,Lafayette,1267
Louisiana,Lafourche,153
Louisiana,Lincoln,78
Louisiana,Livingston,148
Louisiana,Madison,10
Louisiana,Morehouse,17
Louisiana,Natchitoches,82
Louisiana,Orleans,5805
Louisiana,Ouachita,435
Louisiana,Plaquemines,56
Louisiana,Pointe Coupee,41
Louisiana,Rapides,390
Louisiana,Red River,10
Louisiana,Richland,19
Louisiana,Sabine,13
Louisiana,St. Bernard,79
Louisiana,St. Charles,98
Louisiana,St. Helena,7
Louisiana,St. James,24
Louisiana,St. John the Baptist,66
Louisiana,St. Landry,162
Louisiana,St. Martin,56
Louisiana,St. Mary,56
Louisiana,St. Tammany,1206
Louisiana,Tangipahoa,207
Louisiana,Tensas,8
Louisiana,Terrebonne,199
Louisiana,Union,13
Louisiana,Vermilion,61
Louisiana,Vernon,38
Louisiana,Washington,45
Louisiana,Webster,30
Louisiana,West Baton Rouge,57
Louisiana,West Carroll,6
Louisiana,West Feliciana,33
Louisiana,Winn,14
Maine,Androscoggin,208
Maine,Aroostook,72
Maine,Cumberland,2061
Maine,Franklin,25
Maine,Hancock,104
Maine,Kennebec,493
Maine,Knox,100
Maine,Lincoln,67
Maine,Oxford,45
Maine,Penobscot,325
Maine,Piscataquis,7
Maine,Sagadahoc,89
Maine,Somerset,33
Maine,Waldo,41
Maine,Washington,28
Maine,York,310
Maryland,Allegany,94
Maryland,Anne Arundel,1587
Maryland,Baltimore City,4927
Maryland,Baltimore County,2232
Maryland,Calvert,140
Maryland,Caroline,29
Maryland,Carroll,256
Maryland,Cecil,81
Maryland,Charles,149
Maryland,Dorchester,35
Maryland,Frederick,381
Maryland,Garrett,26
Maryland,Harford,333
Maryland,Howard,1110
Maryland,Kent,42
Maryland,Montgomery,4665
Maryland,Prince George's,1494
Maryland,Queen Anne's,78
Maryland,Somerset,15
Maryland,St. Mary's,92
Maryland,Talbot,124
Maryland,Washington,144
Maryland,Wicomico,161
Maryland,Worcester,97
Massachusetts,Barnstable,952
Massachusetts,Berkshire,354
Massachusetts,Bristol,1420
Massachusetts,Dukes,94
Massachusetts,Essex,3334
Massachusetts,Franklin,143
Massachusetts,Hampden,1507
Massachusetts,Hampshire,497
Massachusetts,Middlesex,9112
Massachusetts,Nantucket,49
Massachusetts,Norfolk,4395
Massachusetts,Plymouth,1723
Massachusetts,Suffolk,17735
Massachusetts,Worcester,2372
Michigan,Alcona,18
Michigan,Alger,17
Michigan,Allegan,152
Michigan,Alpena,60
Michigan,Antrim,64
Michigan,Arenac,15
Michigan,Baraga,6
Michigan,Barry,61
Michigan,Bay,196
Michigan,Benzie,41
Michigan,Berrien,317
Michigan,Branch,45
Michigan,Calhoun,222
Michigan,Cass,61
Michigan,Charlevoix,70
Michigan,Cheboygan,61
Michigan,Chippewa,63
Michigan,Clare,41
Michigan,Clinton,162
Michigan,Crawford,29
Michigan,Delta,60
Michigan,Dickinson,42
Michigan,Eaton,367
Michigan,Emmet,158
Michigan,Genesee,758
Michigan,Gladwin,25
Michigan,Gogebic,27
Michigan,Grand Traverse,587
Michigan,Gratiot,38
Michigan,Hillsdale,35
Michigan,Houghton,37
Michigan,Huron,56
Michigan,Ingham,2529
Michigan,Ionia,54
Michigan,Iosco,44
Michigan,Iron,27
Michigan,Isabella,115
Michigan,Jackson,322
Michigan,Kalamazoo,823
Michigan,Kalkaska,13
Michigan,Kent,2909
Michigan,Keweenaw,6
Michigan,Lake,101
Michigan,Lapeer,121
Michigan,Leelanau,114
Michigan,Lenawee,118
Michigan,Livingston,504
Michigan,Luce,9
Michigan,Mackinac,18
Michigan,Macomb,1931
Michigan,Manistee,47
Michigan,Marquette,144
Michigan,Mason,51
Michigan,Mecosta,59
Michigan,Menominee,25
Michigan,Midland,207
Michigan,Missaukee,10
Michigan,Monroe,223
Michigan,Montcalm,47
Michigan,Montmorency,5
Michigan,Muskegon,277
Michigan,Newaygo,39
Michigan,Oakland,11815
Michigan,Oceana,34
Michigan,Ogemaw,27
Michigan,Ontonagon,7
Michigan,Osceola,22
Michigan,Oscoda,7
Michigan,Otsego,56
Michigan,Ottawa,465
Michigan,Presque Isle,36
Michigan,Roscommon,31
Michigan,Saginaw,436
Michigan,Sanilac,52
Michigan,Schoolcraft,8
Michigan,Shiawassee,96
Michigan,St. Clair,688
Michigan,St. Joseph,1144
Michigan,Tuscola,46
Michigan,Van Buren,114
Michigan,Washtenaw,1959
Michigan,Wayne,6862
Michigan,Wexford,51
Minnesota,Aitkin,40
Minnesota,Anoka,695
Minnesota,Becker,79
Minnesota,Beltrami,131
Minnesota,Benton,51
Minnesota,Big Stone,9
Minnesota,Blue Earth,223
Minnesota,Brown,73
Minnesota,Carlton,57
Minnesota,Carver,328
Minnesota,Cass,75
Minnesota,Chippewa,27
Minnesota,Chisago,106
Minnesota,Clay,128
Minnesota,Clearwater,10
Minnesota,Cook,40
Minnesota,Cottonwood,18
Minnesota,Crow Wing,161
Minnesota,Dakota,2407
Minnesota,Dodge,23
Minnesota,Douglas,112
Minnesota,Faribault,27
Minnesota,Fillmore,38
Minnesota,Freeborn,59
Minnesota,Goodhue,116
Minnesota,Grant,12
Minnesota,Hennepin,17284
Minnesota,Houston,41
Minnesota,Hubbard,46
Minnesota,Isanti,63
Minnesota,Itasca,92
Minnesota,Jackson,17
Minnesota,Kanabec,13
Minnesota,Kandiyohi,95
Minnesota,Kittson,10
Minnesota,Koochiching,28
Minnesota,Lac qui Parle,7
Minnesota,Lake,31
Minnesota,Lake of the Woods,5
Minnesota,Le Sueur,60
Minnesota,Lincoln,11
Minnesota,Lyon,73
Minnesota,Mahnomen,7
Minnesota,Marshall,8
Minnesota,Martin,38
Minnesota,McLeod,66
Minnesota,Meeker,44
Minnesota,Mille Lacs,54
Minnesota,Morrison,35
Minnesota,Mower,84
Minnesota,Murray,6
Minnesota,Nicollet,53
Minnesota,Nobles,39
Minnesota,Norman,7
Minnesota,Olmsted,477
Minnesota,Otter Tail,140
Minnesota,Pennington,25
Minnesota,Pine,37
Minnesota,Pipestone,16
Minnesota,Polk,59
Minnesota,Pope,23
Minnesota,Ramsey,5998
Minnesota,Red Lake,2
Minnesota,Redwood,28
Minnesota,Renville,23
Minnesota,Rice,170
Minnesota,Rock,18
Minnesota,Roseau,19
Minnesota,Scott,301
Minnesota,Sherburne,102
Minnesota,Sibley,19
Minnesota,St. Louis,686
Minnesota,Stearns,509
Minnesota,Steele,93
Minnesota,Stevens,30
Minnesota,Swift,16
Minnesota,Todd,28
Minnesota,Traverse,4
Minnesota,Wabasha,42
Minnesota,Wadena,34
Minnesota,Waseca,32
Minnesota,Washington,1163
Minnesota,Watonwan,20
Minnesota,Wilkin,5
Minnesota,Winona,122
Minnesota,Wright,226
Minnesota,Yellow Medicine,23
Mississippi,Adams,81
Mississippi,Alcorn,47
Mississippi,Amite,8
Mississippi,Attala,20
Mississippi,Benton,7
Mississippi,Bolivar,75
Mississippi,Calhoun,10
Mississippi,Carroll,5
Mississippi,Chickasaw,14
Mississippi,Choctaw,5
Mississippi,Claiborne,8
Mississippi,Clarke,6
Mississippi,Clay,24
Mississippi,Coahoma,58
Mississippi,Copiah,32
Mississippi,Covington,14
Mississippi,Desoto,184
Mississippi,Forrest,354
Mississippi,Franklin,11
Mississippi,George,11
Mississippi,Greene,6
Mississippi,Grenada,44
Mississippi,Hancock,60
Mississippi,Harrison,661
Mississippi,Hinds,2132
Mississippi,Holmes,19
Mississippi,Humphreys,4
Mississippi,Issaquena,0
Mississippi,Itawamba,8
Mississippi,Jackson,232
Mississippi,Jasper,14
Mississippi,Jefferson,5
Mississippi,Jefferson Davis,4
Mississippi,Jones,96
Mississippi,Kemper,3
Mississippi,Lafayette,435
Mississippi,Lamar,25
Mississippi,Lauderdale,123
Mississippi,Lawrence,10
Mississippi,Leake,17
Mississippi,Lee,262
Mississippi,Leflore,66
Mississippi,Lincoln,42
Mississippi,Lowndes,96
Mississippi,Madison,971
Mississippi,Marion,22
Mississippi,Marshall,22
Mississippi,Monroe,37
Mississippi,Montgomery,13
Mississippi,Neshoba,41
Mississippi,Newton,15
Mississippi,Noxubee,4
Mississippi,Oktibbeha,67
Mississippi,Panola,52
Mississippi,Pearl River,41
Mississippi,Perry,3
Mississippi,Pike,67
Mississippi,Pontotoc,19
Mississippi,Prentiss,30
Mississippi,Quitman,5
Mississippi,Rankin,342
Mississippi,Scott,16
Mississippi,Sharkey,3
Mississippi,Simpson,32
Mississippi,Smith,13
Mississippi,Stone,14
Mississippi,Sunflower,21
Mississippi,Tallahatchie,15
Mississippi,Tate,19
Mississippi,Tippah,13
Mississippi,Tishomingo,17
Mississippi,Tunica,11
Mississippi,Union,26
Mississippi,Walthall,9
Mississippi,Warren,110
Mississippi,Washington,88
Mississippi,Wayne,15
Mississippi,Webster,10
Mississippi,Wilkinson,7
Mississippi,Winston,14
Mississippi,Yalobusha,15
Mississippi,Yazoo,15
Missouri,Adair,45
Missouri,Andrew,20
Missouri,Atchison,7
Missouri,Audrain,34
Missouri,Barry,25
Missouri,Barton,11
Missouri,Bates,11
Missouri,Benton,12
Missouri,Bollinger,6
Missouri,Boone,873
Missouri,Buchanan,135
Missouri,Butler,64
Missouri,Caldwell,6
Missouri,Callaway,53
Missouri,Camden,102
Missouri,Cape Girardeau,196
Missouri,Carroll,11
Missouri,Carter,6
Missouri,Cass,139
Missouri,Cedar,12
Missouri,Chariton,6
Missouri,Christian,135
Missouri,Clark,4
Missouri,Clay,743
Missouri,Clinton,29
Missouri,Cole,503
Missouri,Cooper,21
Missouri,Crawford,22
Missouri,Dade,8
Missouri,Dallas,11
Missouri,Daviess,10
Missouri,DeKalb,10
Missouri,Dent,18
Missouri,Douglas,10
Missouri,Dunklin,39
Missouri,Franklin,143
Missouri,Gasconade,14
Missouri,Gentry,5
Missouri,Greene,887
Missouri,Grundy,7
Missouri,Harrison,6
Missouri,Henry,25
Missouri,Hickory,6
Missouri,Holt,5
Missouri,Howard,16
Missouri,Howell,52
Missouri,Iron,6
Missouri,Jackson,3307
Missouri,Jasper,166
Missouri,Jefferson,249
Missouri,Johnson,96
Missouri,Knox,3
Missouri,Laclede,32
Missouri,Lafayette,30
Missouri,Lawrence,36
Missouri,Lewis,9
Missouri,Lincoln,36
Missouri,Linn,11
Missouri,Livingston,24
Missouri,Macon,17
Missouri,Madison,9
Missouri,Maries,7
Missouri,Marion,48
Missouri,McDonald,14
Missouri,Mercer,3
Missouri,Miller,19
Missouri,Mississippi,10
Missouri,Moniteau,26
Missouri,Monroe,8
Missouri,Montgomery,9
Missouri,Morgan,9
Missouri,New Madrid,13
Missouri,Newton,90
Missouri,Nodaway,13
Missouri,Oregon,10
Missouri,Osage,13
Missouri,Ozark,11
Missouri,Pemiscot,17
Missouri,Perry,15
Missouri,Pettis,47
Missouri,Phelps,74
Missouri,Pike,21
Missouri,Platte,554
Missouri,Polk,30
Missouri,Pulaski,32
Missouri,Putnam,4
Missouri,Ralls,8
Missouri,Randolph,27
Missouri,Ray,20
Missouri,Reynolds,5
Missouri,Ripley,10
Missouri,Saline,17
Missouri,Schuyler,4
Missouri,Scotland,4
Missouri,Scott,60
Missouri,Shannon,5
Missouri,Shelby,7
Missouri,St. Charles,828
Missouri,St. Clair,21
Missouri,St. Francois,67
Missouri,St. Louis,7229
Missouri,St. Louis City,2055
Missouri,Ste. Genevieve,19
Missouri,Stoddard,36
Missouri,Stone,24
Missouri,Sullivan,4
Missouri,Taney,60
Missouri,Texas,14
Missouri,Vernon,26
Missouri,Warren,29
Missouri,Washington,7
Missouri,Wayne,10
Missouri,Webster,27
Missouri,Worth,6
Missouri,Wright,8
Montana,Beaverhead,17
Montana,Big Horn,14
Montana,Blaine,3
Montana,Broadwater,3
Montana,Carbon,18
Montana,Carter,2
Montana,Cascade,211
Montana,Chouteau,3
Montana,Custer,14
Montana,Daniels,2
Montana,Dawson,9
Montana,Deer Lodge,19
Montana,Fallon,2
Montana,Fergus,15
Montana,Flathead,249
Montana,Gallatin,362
Montana,Garfield,1
Montana,Glacier,9
Montana,Golden Valley,0
Montana,Granite,6
Montana,Hill,23
Montana,Jefferson,9
Montana,Judith Basin,5
Montana,Lake,61
Montana,Lewis and Clark,566
Montana,Liberty,2
Montana,Lincoln,16
Montana,Madison,8
Montana,McCone,1
Montana,Meagher,0
Montana,Mineral,5
Montana,Missoula,665
Montana,Musselshell,1
Montana,Park,35
Montana,Petroleum,0
Montana,Phillips,2
Montana,Pondera,7
Montana,Powder River,1
Montana,Powell,5
Montana,Prairie,2
Montana,Ravalli,56
Montana,Richland,13
Montana,Roosevelt,8
Montana,Rosebud,2
Montana,Sanders,7
Montana,Sheridan,4
Montana,Silver Bow,67
Montana,Stillwater,6
Montana,Sweet Grass,4
Montana,Teton,8
Montana,Toole,5
Montana,Treasure,1
Montana,Valley,10
Montana,Wheatland,3
Montana,Wibaux,1
Montana,Yellowstone,537
Nebraska,Adams,44
Nebraska,Antelope,5
Nebraska,Arthur,0
Nebraska,Banner,2
Nebraska,Blaine,0
Nebraska,Boone,4
Nebraska,Box Butte,5
Nebraska,Boyd,0
Nebraska,Brown,6
Nebraska,Buffalo,91
Nebraska,Burt,5
Nebraska,Butler,5
Nebraska,Cass,52
Nebraska,Cedar,4
Nebraska,Chase,4
Nebraska,Cherry,13
Nebraska,Cheyenne,13
Nebraska,Clay,5
Nebraska,Colfax,3
Nebraska,Cuming,8
Nebraska,Custer,16
Nebraska,Dakota,16
Nebraska,Dawes,15
Nebraska,Dawson,33
Nebraska,Deuel,2
Nebraska,Dixon,7
Nebraska,Dodge,42
Nebraska,Douglas,2746
Nebraska,Dundy,4
Nebraska,Fillmore,6
Nebraska,Franklin,1
Nebraska,Frontier,3
Nebraska,Furnas,9
Nebraska,Gage,40
Nebraska,Garden,5
Nebraska,Garfield,2
Nebraska,Gosper,3
Nebraska,Grant,0
Nebraska,Greeley,1
Nebraska,Hall,97
Nebraska,Hamilton,19
Nebraska,Harlan,8
Nebraska,Hayes,0
Nebraska,Hitchcock,2
Nebraska,Holt,11
Nebraska,Hooker,1
Nebraska,Howard,4
Nebraska,Jefferson,4
Nebraska,Johnson,14
Nebraska,Kearney,6
Nebraska,Keith,26
Nebraska,Keya Paha,0
Nebraska,Kimball,1
Nebraska,Knox,9
Nebraska,Lancaster,1228
Nebraska,Lincoln,67
Nebraska,Logan,0
Nebraska,Loup,0
Nebraska,Madison,67
Nebraska,McPherson,0
Nebraska,Merrick,10
Nebraska,Morrill,5
Nebraska,Nance,4
Nebraska,Nemaha,3
Nebraska,Nuckolls,2
Nebraska,Otoe,27
Nebraska,Pawnee,5
Nebraska,Perkins,2
Nebraska,Phelps,17
Nebraska,Pierce,6
Nebraska,Platte,43
Nebraska,Polk,5
Nebraska,Red Willow,12
Nebraska,Richardson,15
Nebraska,Rock,1
Nebraska,Saline,14
Nebraska,Sarpy,392
Nebraska,Saunders,48
Nebraska,Scotts Bluff,66
Nebraska,Seward,22
Nebraska,Sheridan,3
Nebraska,Sherman,4
Nebraska,Sioux,3
Nebraska,Stanton,4
Nebraska,Thayer,5
Nebraska,Thomas,0
Nebraska,Thurston,5
Nebraska,Valley,8
Nebraska,Washington,39
Nebraska,Wayne,4
Nebraska,Webster,3
Nebraska,Wheeler,0
Nebraska,York,22
Nevada,Carson City,346
Nevada,Churchill,27
Nevada,Clark,6084
Nevada,Douglas,101
Nevada,Elko,92
Nevada,Esmeralda,1
Nevada,Eureka,2
Nevada,Humboldt,23
Nevada,Lander,4
Nevada,Lincoln,6
Nevada,Lyon,32
Nevada,Mineral,3
Nevada,Nye,31
Nevada,Pershing,8
Nevada,Storey,4
Nevada,Washoe,1654
Nevada,White Pine,17
New Hampshire,Belknap,126
New Hampshire,Carroll,79
New Hampshire,Cheshire,93
New Hampshire,Coos,22
New Hampshire,Grafton,182
New Hampshire,Hillsborough,1195
New Hampshire,Merrimack,937
New Hampshire,Rockingham,660
New Hampshire,Strafford,161
New Hampshire,Sullivan,44
New Jersey,Atlantic,818
New Jersey,Bergen,5156
New Jersey,Burlington,1980
New Jersey,Camden,3061
New Jersey,Cape May,240
New Jersey,Cumberland,218
New Jersey,Essex,5758
New Jersey,Gloucester,629
New Jersey,Hudson,2161
New Jersey,Hunterdon,611
New Jersey,Mercer,2795
New Jersey,Middlesex,2583
New Jersey,Monmouth,3139
New Jersey,Morris,4410
New Jersey,Ocean,1084
New Jersey,Passaic,1203
New Jersey,Salem,90
New Jersey,Somerset,1816
New Jersey,Sussex,325
New Jersey,Union,2511
New Jersey,Warren,206
New Mexico,Bernalillo,3137
New Mexico,Catron,3
New Mexico,Chaves,105
New Mexico,Cibola,25
New Mexico,Colfax,12
New Mexico,Curry,59
New Mexico,De Baca,0
New Mexico,Dona Ana,324
New Mexico,Eddy,54
New Mexico,Grant,34
New Mexico,Guadalupe,1
New Mexico,Harding,0
New Mexico,Hidalgo,0
New Mexico,Lea,70
New Mexico,Lincoln,30
New Mexico,Los Alamos,42
New Mexico,Luna,17
New Mexico,McKinley,57
New Mexico,Mora,3
New Mexico,Otero,64
New Mexico,Quay,14
New Mexico,Rio Arriba,17
New Mexico,Roosevelt,11
New Mexico,San Juan,108
New Mexico,San Miguel,43
New Mexico,Sandoval,155
New Mexico,Santa Fe,1086
New Mexico,Sierra,10
New Mexico,Socorro,23
New Mexico,Taos,84
New Mexico,Torrance,7
New Mexico,Union,4
New Mexico,Valencia,58
New York,Albany,4939
New York,Allegany,54
New York,Bronx,3201
New York,Broome,607
New York,Cattaraugus,136
New York,Cayuga,142
New York,Chautauqua,263
New York,Chemung,170
New York,Chenango,73
New York,Clinton,149
New York,Columbia,262
New York,Cortland,87
New York,Delaware,92
New York,Dutchess,1127
New York,Erie,5669
New York,Essex,102
New York,Franklin,96
New York,Fulton,76
New York,Genesee,114
New York,Greene,131
New York,Hamilton,22
New York,Herkimer,73
New York,Jefferson,157
New York,Kings,10266
New York,Lewis,27
New York,Livingston,108
New York,Madison,129
New York,Monroe,3657
New York,Montgomery,81
New York,Nassau,14866
New York,New York,95005
New York,Niagara,398
New York,Oneida,614
New York,Onondaga,2562
New York,Ontario,286
New York,Orange,1136
New York,Orleans,31
New York,Oswego,135
New York,Otsego,154
New York,Putnam,406
New York,Queens,7176
New York,Rensselaer,591
New York,Richmond,1538
New York,Rockland,1608
New York,Saratoga,816
New York,Schenectady,602
New York,Schoharie,55
New York,Schuyler,35
New York,Seneca,39
New York,St. Lawrence,147
New York,Steuben,200
New York,Suffolk,8265
New York,Sullivan,225
New York,Tioga,52
New York,Tompkins,455
New York,Ulster,613
New York,Warren,274
New York,Washington,85
New York,Wayne,119
New York,Westchester,11709
New York,Wyoming,52
New York,Yates,37
North Carolina,Alamance,212
North Carolina,Alexander,19
North Carolina,Alleghany,9
North Carolina,Anson,17
North Carolina,Ashe,21
North Carolina,Avery,19
North Carolina,Beaufort,66
North Carolina,Bertie,10
North Carolina,Bladen,29
North Carolina,Brunswick,151
North Carolina,Buncombe,745
North Carolina,Burke,76
North Carolina,Cabarrus,237
North Carolina,Caldwell,47
North Carolina,Camden,2
North Carolina,Carteret,124
North Carolina,Caswell,14
North Carolina,Catawba,197
North Carolina,Chatham,94
North Carolina,Cherokee,31
North Carolina,Chowan,17
North Carolina,Clay,12
North Carolina,Cleveland,84
North Carolina,Columbus,62
North Carolina,Craven,188
North Carolina,Cumberland,385
North Carolina,Currituck,16
North Carolina,Dare,88
North Carolina,Davidson,112
North Carolina,Davie,45
North Carolina,Duplin,30
North Carolina,Durham,1411
North Carolina,Edgecombe,53
North Carolina,Forsyth,1223
North Carolina,Franklin,51
North Carolina,Gaston,287
North Carolina,Gates,2
North Carolina,Graham,6
North Carolina,Granville,161
North Carolina,Greene,6
North Carolina,Guilford,1326
North Carolina,Guilford-High Pt.,175
North Carolina,Halifax,42
North Carolina,Harnett,100
North Carolina,Haywood,91
North Carolina,Henderson,140
North Carolina,Hertford,30
North Carolina,Hoke,33
North Carolina,Hyde,5
North Carolina,Iredell,249
North Carolina,Jackson,72
North Carolina,Johnston,182
North Carolina,Jones,5
North Carolina,Lee,73
North Carolina,Lenoir,59
North Carolina,Lincoln,70
North Carolina,Macon,37
North Carolina,Madison,17
North Carolina,Martin,14
North Carolina,McDowell,43
North Carolina,Mecklenburg,5634
North Carolina,Mitchell,13
North Carolina,Montgomery,14
North Carolina,Moore,165
North Carolina,Nash,126
North Carolina,New Hanover,812
North Carolina,Northampton,11
North Carolina,Onslow,146
North Carolina,Orange,869
North Carolina,Pamlico,11
North Carolina,Pasquotank,59
North Carolina,Pender,55
North Carolina,Perquimans,7
North Carolina,Person,40
North Carolina,Pitt,286
North Carolina,Polk,23
North Carolina,Randolph,108
North Carolina,Richmond,47
North Carolina,Robeson,119
North Carolina,Rockingham,69
North Carolina,Rowan,148
North Carolina,Rutherford,45
North Carolina,Sampson,43
North Carolina,Scotland,24
North Carolina,Stanly,56
North Carolina,Stokes,30
North Carolina,Surry,74
North Carolina,Swain,19
North Carolina,Transylvania,40
North Carolina,Tyrrell,2
North Carolina,Union,246
North Carolina,Vance,38
North Carolina,Wake,5947
North Carolina,Warren,11
North Carolina,Washington,4
North Carolina,Watauga,103
North Carolina,Wayne,105
North Carolina,Wilkes,65
North Carolina,Wilson,104
North Carolina,Yadkin,28
North Carolina,Yancey,18
North Dakota,Adams,2
North Dakota,Barnes,10
North Dakota,Benson,2
North Dakota,Billings,2
North Dakota,Bottineau,5
North Dakota,Bowman,3
North Dakota,Burke,1
North Dakota,Burleigh,483
North Dakota,Cass,518
North Dakota,Cavalier,4
North Dakota,Dickey,4
North Dakota,Divide,2
North Dakota,Dunn,1
North Dakota,Eddy,4
North Dakota,Emmons,3
North Dakota,Foster,4
North Dakota,Golden Valley,0
North Dakota,Grand Forks,191
North Dakota,Grant,1
North Dakota,Griggs,1
North Dakota,Hettinger,3
North Dakota,Kidder,1
North Dakota,LaMoure,3
North Dakota,Logan,1
North Dakota,McHenry,1
North Dakota,McIntosh,4
North Dakota,McKenzie,14
North Dakota,McLean,5
North Dakota,Mercer,7
North Dakota,Morton,50
North Dakota,Mountrail,8
North Dakota,Nelson,3
North Dakota,Oliver,2
North Dakota,Pembina,8
North Dakota,Pierce,4
North Dakota,Ramsey,25
North Dakota,Ransom,5
North Dakota,Renville,1
North Dakota,Richland,21
North Dakota,Rolette,3
North Dakota,Sargent,3
North Dakota,Sheridan,1
North Dakota,Sioux,2
North Dakota,Slope,0
North Dakota,Stark,55
North Dakota,Steele,0
North Dakota,Stutsman,26
North Dakota,Towner,6
North Dakota,Traill,9
North Dakota,Walsh,13
North Dakota,Ward,109
North Dakota,Wells,1
North Dakota,Williams,59
Ohio,Adams,25
Ohio,Allen,156
Ohio,Ashland,46
Ohio,Ashtabula,100
Ohio,Athens,102
Ohio,Auglaize,54
Ohio,Belmont,67
Ohio,Brown,32
Ohio,Butler,485
Ohio,Carroll,16
Ohio,Champaign,36
Ohio,Clark,163
Ohio,Clermont,258
Ohio,Clinton,53
Ohio,Columbiana,75
Ohio,Coshocton,24
Ohio,Crawford,41
Ohio,Cuyahoga,8723
Ohio,Darke,42
Ohio,Defiance,50
Ohio,Delaware,394
Ohio,Erie,162
Ohio,Fairfield,171
Ohio,Fayette,26
Ohio,Franklin,7859
Ohio,Fulton,39
Ohio,Gallia,23
Ohio,Geauga,203
Ohio,Greene,226
Ohio,Guernsey,37
Ohio,Hamilton,4679
Ohio,Hancock,164
Ohio,Hardin,45
Ohio,Harrison,14
Ohio,Henry,24
Ohio,Highland,31
Ohio,Hocking,28
Ohio,Holmes,37
Ohio,Huron,47
Ohio,Jackson,32
Ohio,Jefferson,76
Ohio,Knox,62
Ohio,Lake,475
Ohio,Lawrence,45
Ohio,Licking,213
Ohio,Logan,59
Ohio,Lorain,475
Ohio,Lucas,1584
Ohio,Madison,39
Ohio,Mahoning,554
Ohio,Marion,77
Ohio,Medina,330
Ohio,Meigs,18
Ohio,Mercer,38
Ohio,Miami,113
Ohio,Monroe,19
Ohio,Montgomery,1497
Ohio,Morgan,10
Ohio,Morrow,20
Ohio,Muskingum,107
Ohio,Noble,8
Ohio,Ottawa,66
Ohio,Paulding,14
Ohio,Perry,19
Ohio,Pickaway,49
Ohio,Pike,21
Ohio,Portage,207
Ohio,Preble,34
Ohio,Putnam,25
Ohio,Richland,172
Ohio,Ross,75
Ohio,Sandusky,70
Ohio,Scioto,94
Ohio,Seneca,57
Ohio,Shelby,52
Ohio,Stark,800
Ohio,Summit,1903
Ohio,Trumbull,277
Ohio,Tuscarawas,119
Ohio,Union,112
Ohio,Van Wert,31
Ohio,Vinton,8
Ohio,Warren,347
Ohio,Washington,76
Ohio,Wayne,160
Ohio,Williams,33
Ohio,Wood,217
Ohio,Wyandot,30
Oklahoma,Adair,14
Oklahoma,Alfalfa,9
Oklahoma,Atoka,10
Oklahoma,Beaver,8
Oklahoma,Beckham,20
Oklahoma,Blaine,9
Oklahoma,Bryan,54
Oklahoma,Caddo,25
Oklahoma,Canadian,202
Oklahoma,Carter,9
Oklahoma,Cherokee,94
Oklahoma,Choctaw,13
Oklahoma,Cimarron,4
Oklahoma,Cleveland,1065
Oklahoma,Coal,8
Oklahoma,Comanche,127
Oklahoma,Cotton,4
Oklahoma,Craig,31
Oklahoma,Creek,106
Oklahoma,Custer,60
Oklahoma,Delaware,48
Oklahoma,Dewey,4
Oklahoma,Ellis,4
Oklahoma,Garfield,138
Oklahoma,Garvin,40
Oklahoma,Grady,78
Oklahoma,Grant,8
Oklahoma,Greer,7
Oklahoma,Harmon,3
Oklahoma,Harper,4
Oklahoma,Haskell,11
Oklahoma,Hughes,19
Oklahoma,Jackson,39
Oklahoma,Jefferson,4
Oklahoma,Johnston,4
Oklahoma,Kay,74
Oklahoma,Kingfisher,38
Oklahoma,Kiowa,9
Oklahoma,Latimer,7
Oklahoma,Le Flore,45
Oklahoma,Lincoln,33
Oklahoma,Logan,45
Oklahoma,Love,4
Oklahoma,Major,12
Oklahoma,Marshall,14
Oklahoma,Mayes,46
Oklahoma,McClain,64
Oklahoma,McCurtain,33
Oklahoma,McIntosh,24
Oklahoma,Murray,19
Oklahoma,Muskogee,119
Oklahoma,Noble,12
Oklahoma,Nowata,6
Oklahoma,Okfuskee,7
Oklahoma,Oklahoma,5610
Oklahoma,Okmulgee,58
Oklahoma,Osage,45
Oklahoma,Ottawa,38
Oklahoma,Pawnee,18
Oklahoma,Payne,158
Oklahoma,Pittsburg,70
Oklahoma,Pontotoc,95
Oklahoma,Pottawatomie,106
Oklahoma,Pushmataha,13
Oklahoma,Roger Mills,5
Oklahoma,Rogers,151
Oklahoma,Seminole,34
Oklahoma,Sequoyah,42
Oklahoma,Stephens,76
Oklahoma,Texas,19
Oklahoma,Tillman,7
Oklahoma,Tulsa,3739
Oklahoma,Wagoner,79
Oklahoma,Washington,100
Oklahoma,Washita,8
Oklahoma,Woods,15
Oklahoma,Woodward,42
Oregon,Baker,19
Oregon,Benton,125
Oregon,Clackamas,1042
Oregon,Clatsop,56
Oregon,Columbia,59
Oregon,Coos,80
Oregon,Crook,26
Oregon,Curry,23
Oregon,Deschutes,466
Oregon,Douglas,96
Oregon,Gilliam,1
Oregon,Grant,9
Oregon,Harney,6
Oregon,Hood River,61
Oregon,Jackson,324
Oregon,Jefferson,22
Oregon,Josephine,76
Oregon,Klamath,66
Oregon,Lake,7
Oregon,Lane,855
Oregon,Lincoln,101
Oregon,Linn,101
Oregon,Malheur,41
Oregon,Marion,1260
Oregon,Morrow,2
Oregon,Multnomah,5655
Oregon,Polk,85
Oregon,Sherman,1
Oregon,Tillamook,32
Oregon,Umatilla,101
Oregon,Union,31
Oregon,Wallowa,13
Oregon,Wasco,43
Oregon,Washington,1309
Oregon,Wheeler,1
Oregon,Yamhill,140
Pennsylvania,Adams,88
Pennsylvania,Allegheny,9171
Pennsylvania,Armstrong,44
Pennsylvania,Beaver,213
Pennsylvania,Bedford,22
Pennsylvania,Berks,670
Pennsylvania,Blair,163
Pennsylvania,Bradford,60
Pennsylvania,Bucks,1708
Pennsylvania,Butler,405
Pennsylvania,Cambria,180
Pennsylvania,Cameron,5
Pennsylvania,Carbon,64
Pennsylvania,Centre,296
Pennsylvania,Chester,2445
Pennsylvania,Clarion,34
Pennsylvania,Clearfield,82
Pennsylvania,Clinton,30
Pennsylvania,Columbia,61
Pennsylvania,Crawford,112
Pennsylvania,Cumberland,841
Pennsylvania,Dauphin,2506
Pennsylvania,Delaware,2310
Pennsylvania,Elk,24
Pennsylvania,Erie,510
Pennsylvania,Fayette,128
Pennsylvania,Forest,2
Pennsylvania,Franklin,153
Pennsylvania,Fulton,5
Pennsylvania,Greene,46
Pennsylvania,Huntingdon,24
Pennsylvania,Indiana,96
Pennsylvania,Jefferson,49
Pennsylvania,Juniata,15
Pennsylvania,Lackawanna,739
Pennsylvania,Lancaster,888
Pennsylvania,Lawrence,132
Pennsylvania,Lebanon,135
Pennsylvania,Lehigh,810
Pennsylvania,Luzerne,715
Pennsylvania,Lycoming,215
Pennsylvania,McKean,40
Pennsylvania,Mercer,140
Pennsylvania,Mifflin,28
Pennsylvania,Monroe,197
Pennsylvania,Montgomery,5122
Pennsylvania,Montour,33
Pennsylvania,Northampton,499
Pennsylvania,Northumberland,82
Pennsylvania,Perry,46
Pennsylvania,Philadelphia,14382
Pennsylvania,Pike,61
Pennsylvania,Potter,12
Pennsylvania,Schuylkill,171
Pennsylvania,Snyder,22
Pennsylvania,Somerset,78
Pennsylvania,Sullivan,6
Pennsylvania,Susquehanna,33
Pennsylvania,Tioga,42
Pennsylvania,Union,44
Pennsylvania,Venango,55
Pennsylvania,Warren,48
Pennsylvania,Washington,612
Pennsylvania,Wayne,59
Pennsylvania,Westmoreland,629
Pennsylvania,Wyoming,27
Pennsylvania,York,599
Rhode Island,Bristol,119
Rhode Island,Kent,568
Rhode Island,Newport,215
Rhode Island,Providence,2700
Rhode Island,Washington,302
South Carolina,Abbeville,10
South Carolina,Aiken,180
South Carolina,Allendale,8
South Carolina,Anderson,219
South Carolina,Bamberg,16
South Carolina,Barnwell,31
South Carolina,Beaufort,499
South Carolina,Berkeley,231
South Carolina,Calhoun,15
South Carolina,Charleston,2876
South Carolina,Cherokee,34
South Carolina,Chester,30
South Carolina,Chesterfield,30
South Carolina,Clarendon,29
South Carolina,Colleton,59
South Carolina,Darlington,61
South Carolina,Dillon,21
South Carolina,Dorchester,169
South Carolina,Edgefield,13
South Carolina,Fairfield,30
South Carolina,Florence,260
South Carolina,Georgetown,165
South Carolina,Greenville,1810
South Carolina,Greenwood,119
South Carolina,Hampton,35
South Carolina,Horry,588
South Carolina,Jasper,15
South Carolina,Kershaw,83
South Carolina,Lancaster,59
South Carolina,Laurens,41
South Carolina,Lee,11
South Carolina,Lexington,625
South Carolina,Marion,21
South Carolina,Marlboro,17
South Carolina,McCormick,2
South Carolina,Newberry,49
South Carolina,Oconee,74
South Carolina,Orangeburg,91
South Carolina,Pickens,108
South Carolina,Richland,3184
South Carolina,Saluda,6
South Carolina,Spartanburg,483
South Carolina,Sumter,127
South Carolina,Union,18
South Carolina,Williamsburg,30
South Carolina,York,395
South Dakota,Aurora,3
South Dakota,Beadle,17
South Dakota,Bennett,1
South Dakota,Bon Homme,4
South Dakota,Brookings,28
South Dakota,Brown,78
South Dakota,Brule,8
South Dakota,Buffalo,1
South Dakota,Butte,10
South Dakota,Campbell,1
South Dakota,Charles Mix,7
South Dakota,Clark,2
South Dakota,Clay,31
South Dakota,Codington,35
South Dakota,Corson,0
South Dakota,Custer,11
South Dakota,Davison,28
South Dakota,Day,4
South Dakota,Deuel,4
South Dakota,Dewey,4
South Dakota,Douglas,4
South Dakota,Edmunds,2
South Dakota,Fall River,9
South Dakota,Faulk,0
South Dakota,Grant,5
South Dakota,Gregory,11
South Dakota,Haakon,2
South Dakota,Hamlin,0
South Dakota,Hand,3
South Dakota,Hanson,1
South Dakota,Harding,1
South Dakota,Hughes,165
South Dakota,Hutchinson,11
South Dakota,Hyde,0
South Dakota,Jackson,1
South Dakota,Jerauld,4
South Dakota,Jones,1
South Dakota,Kingsbury,5
South Dakota,Lake,14
South Dakota,Lawrence,43
South Dakota,Lincoln,37
South Dakota,Lyman,2
South Dakota,Marshall,4
South Dakota,McCook,5
South Dakota,McPherson,2
South Dakota,Meade,22
South Dakota,Mellette,1
South Dakota,Miner,3
South Dakota,Minnehaha,743
South Dakota,Moody,7
South Dakota,Oglala Lakota,3
South Dakota,Pennington,364
South Dakota,Perkins,4
South Dakota,Potter,5
South Dakota,Roberts,12
South Dakota,Sanborn,1
South Dakota,Spink,5
South Dakota,Stanley,5
South Dakota,Sully,3
South Dakota,Todd,6
South Dakota,Tripp,8
South Dakota,Turner,2
South Dakota,Union,22
South Dakota,Walworth,7
South Dakota,Yankton,49
South Dakota,Ziebach,1
Tennessee,Anderson,147
Tennessee,Bedford,58
Tennessee,Benton,18
Tennessee,Bledsoe,6
Tennessee,Blount,172
Tennessee,Bradley,130
Tennessee,Campbell,36
Tennessee,Cannon,8
Tennessee,Carroll,28
Tennessee,Carter,53
Tennessee,Cheatham,55
Tennessee,Chester,8
Tennessee,Claiborne,28
Tennessee,Clay,2
Tennessee,Cocke,33
Tennessee,Coffee,86
Tennessee,Crockett,12
Tennessee,Cumberland,48
Tennessee,Davidson,5663
Tennessee,DeKalb,23
Tennessee,Decatur,10
Tennessee,Dickson,73
Tennessee,Dyer,62
Tennessee,Fayette,41
Tennessee,Fentress,18
Tennessee,Franklin,39
Tennessee,Gibson,48
Tennessee,Giles,28
Tennessee,Grainger,9
Tennessee,Greene,83
Tennessee,Grundy,6
Tennessee,Hamblen,78
Tennessee,Hamilton,1234
Tennessee,Hancock,2
Tennessee,Hardeman,11
Tennessee,Hardin,27
Tennessee,Hawkins,31
Tennessee,Haywood,17
Tennessee,Henderson,21
Tennessee,Henry,37
Tennessee,Hickman,16
Tennessee,Houston,6
Tennessee,Humphreys,18
Tennessee,Jackson,9
Tennessee,Jefferson,46
Tennessee,Johnson,13
Tennessee,Knox,1962
Tennessee,Lake,4
Tennessee,Lauderdale,10
Tennessee,Lawrence,45
Tennessee,Lewis,6
Tennessee,Lincoln,30
Tennessee,Loudon,30
Tennessee,Macon,14
Tennessee,Madison,256
Tennessee,Marion,34
Tennessee,Marshall,27
Tennessee,Maury,140
Tennessee,McMinn,41
Tennessee,McNairy,17
Tennessee,Meigs,4
Tennessee,Monroe,24
Tennessee,Montgomery,236
Tennessee,Moore,4
Tennessee,Morgan,12
Tennessee,Obion,26
Tennessee,Overton,25
Tennessee,Perry,4
Tennessee,Pickett,5
Tennessee,Polk,3
Tennessee,Putnam,164
Tennessee,Rhea,15
Tennessee,Roane,58
Tennessee,Robertson,73
Tennessee,Rutherford,420
Tennessee,Scott,29
Tennessee,Sequatchie,10
Tennessee,Sevier,120
Tennessee,Shelby,3445
Tennessee,Smith,23
Tennessee,Stewart,7
Tennessee,Sullivan,302
Tennessee,Sumner,283
Tennessee,Tipton,52
Tennessee,Trousdale,10
Tennessee,Unicoi,18
Tennessee,Union,8
Tennessee,Van Buren,1
Tennessee,Warren,49
Tennessee,Washington,228
Tennessee,Wayne,6
Tennessee,Weakley,32
Tennessee,White,24
Tennessee,Williamson,1229
Tennessee,Wilson,211
Texas,Anderson,49
Texas,Andrews,9
Texas,Angelina,133
Texas,Aransas,40
Texas,Archer,4
Texas,Armstrong,1
Texas,Atascosa,36
Texas,Austin,52
Texas,Bailey,3
Texas,Bandera,31
Texas,Bastrop,109
Texas,Baylor,5
Texas,Bee,31
Texas,Bell,350
Texas,Bexar,6238
Texas,Blanco,33
Texas,Borden,1
Texas,Bosque,23
Texas,Bowie,208
Texas,Brazoria,744
Texas,Brazos,421
Texas,Brewster,37
Texas,Briscoe,1
Texas,Brooks,2
Texas,Brown,49
Texas,Burleson,17
Texas,Burnet,95
Texas,Caldwell,37
Texas,Calhoun,18
Texas,Callahan,7
Texas,Cameron,570
Texas,Camp,12
Texas,Carson,4
Texas,Cass,20
Texas,Castro,5
Texas,Chambers,36
Texas,Cherokee,56
Texas,Childress,8
Texas,Clay,7
Texas,Cochran,1
Texas,Coke,1
Texas,Coleman,6
Texas,Collin,3076
Texas,Collingsworth,3
Texas,Colorado,18
Texas,Comal,341
Texas,Comanche,12
Texas,Concho,2
Texas,Cooke,52
Texas,Coryell,38
Texas,Cottle,1
Texas,Crane,4
Texas,Crockett,10
Texas,Crosby,3
Texas,Culberson,1
Texas,Dallam,9
Texas,Dallas,16702
Texas,Dawson,7
Texas,DeWitt,3
Texas,Deaf Smith,13
Texas,Delta,21
Texas,Denton,1533
Texas,Dickens,3
Texas,Dimmit,14
Texas,Donley,7
Texas,Duval,7
Texas,Eastland,34
Texas,Ector,176
Texas,Edwards,2
Texas,El Paso,1292
Texas,Ellis,231
Texas,Erath,61
Texas,Falls,15
Texas,Fannin,23
Texas,Fayette,50
Texas,Fisher,1
Texas,Floyd,6
Texas,Foard,2
Texas,Fort Bend,1892
Texas,Franklin,8
Texas,Freestone,25
Texas,Frio,11
Texas,Gaines,7
Texas,Galveston,801
Texas,Garza,3
Texas,Gillespie,80
Texas,Glasscock,0
Texas,Goliad,5
Texas,Gonzales,20
Texas,Gray,23
Texas,Grayson,195
Texas,Gregg,286
Texas,Grimes,31
Texas,Guadalupe,159
Texas,Hale,30
Texas,Hall,1
Texas,Hamilton,20
Texas,Hansford,6
Texas,Hardeman,4
Texas,Hardin,50
Texas,Harris,23937
Texas,Harrison,89
Texas,Hartley,0
Texas,Haskell,6
Texas,Hays,526
Texas,Hemphill,5
Texas,Henderson,106
Texas,Hidalgo,1082
Texas,Hill,36
Texas,Hockley,19
Texas,Hood,109
Texas,Hopkins,39
Texas,Houston,22
Texas,Howard,21
Texas,Hudspeth,0
Texas,Hunt,72
Texas,Hutchinson,17
Texas,Irion,2
Texas,Jack,8
Texas,Jackson,14
Texas,Jasper,29
Texas,Jeff Davis,9
Texas,Jefferson,631
Texas,Jim Hogg,2
Texas,Jim Wells,47
Texas,Johnson,180
Texas,Jones,12
Texas,Karnes,16
Texas,Kaufman,169
Texas,Kendall,190
Texas,Kenedy,1
Texas,Kent,1
Texas,Kerr,141
Texas,Kimble,10
Texas,King,1
Texas,Kinney,3
Texas,Kleberg,26
Texas,Knox,1
Texas,La Salle,2
Texas,Lamar,62
Texas,Lamb,7
Texas,Lampasas,24
Texas,Lavaca,26
Texas,Lee,21
Texas,Leon,15
Texas,Liberty,72
Texas,Limestone,32
Texas,Lipscomb,5
Texas,Live Oak,12
Texas,Llano,63
Texas,Loving,0
Texas,Lubbock,801
Texas,Lynn,7
Texas,Madison,12
Texas,Marion,39
Texas,Martin,2
Texas,Mason,51
Texas,Matagorda,9
Texas,Maverick,2
Texas,McCulloch,18
Texas,McLennan,674
Texas,McMullen,10
Texas,Medina,46
Texas,Menard,3
Texas,Midland,501
Texas,Milam,32
Texas,Mills,8
Texas,Mitchell,5
Texas,Montague,21
Texas,Montgomery,1604
Texas,Moore,12
Texas,Morris,15
Texas,Motley,1
Texas,Nacogdoches,100
Texas,Navarro,61
Texas,Newton,5
Texas,Nolan,20
Texas,Nueces,945
Texas,Ochiltree,11
Texas,Oldham,0
Texas,Orange,71
Texas,Palo Pinto,27
Texas,Panola,18
Texas,Parker,203
Texas,Parmer,3
Texas,Pecos,15
Texas,Polk,61
Texas,Potter,425
Texas,Presidio,8
Texas,Rains,6
Texas,Randall,166
Texas,Reagan,5
Texas,Real,5
Texas,Red River,5
Texas,Reeves,11
Texas,Refugio,6
Texas,Roberts,1
Texas,Robertson,20
Texas,Rockwall,269
Texas,Runnels,9
Texas,Rusk,27
Texas,Sabine,8
Texas,San Augustine,6
Texas,San Jacinto,15
Texas,San Patricio,71
Texas,San Saba,11
Texas,Schleicher,4
Texas,Scurry,8
Texas,Shackelford,5
Texas,Shelby,24
Texas,Sherman,0
Texas,Smith,623
Texas,Somervell,8
Texas,Starr,47
Texas,Stephens,4
Texas,Sterling,1
Texas,Stonewall,1
Texas,Sutton,8
Texas,Swisher,4
Texas,Tarrant,5417
Texas,Taylor,266
Texas,Terrell,2
Texas,Terry,8
Texas,Throckmorton,2
Texas,Titus,24
Texas,Tom Green,208
Texas,Travis,10649
Texas,Trinity,8
Texas,Tyler,15
Texas,Upshur,38
Texas,Upton,2
Texas,Uvalde,29
Texas,Val Verde,66
Texas,Van Zandt,50
Texas,Victoria,171
Texas,Walker,99
Texas,Waller,55
Texas,Ward,6
Texas,Washington,80
Texas,Webb,345
Texas,Wharton,45
Texas,Wheeler,3
Texas,Wichita,205
Texas,Wilbarger,11
Texas,Willacy,8
Texas,Williamson,1165
Texas,Wilson,36
Texas,Winkler,2
Texas,Wise,65
Texas,Wood,46
Texas,Yoakum,3
Texas,Young,25
Texas,Zapata,2
Texas,Zavala,4
Utah,Beaver,2
Utah,Box Elder,27
Utah,Cache,159
Utah,Carbon,24
Utah,Daggett,2
Utah,Davis,580
Utah,Duchesne,15
Utah,Emery,5
Utah,Garfield,3
Utah,Grand,17
Utah,Iron,54
Utah,Juab,9
Utah,Kane,6
Utah,Millard,15
Utah,Morgan,10
Utah,Piute,1
Utah,Rich,2
Utah,Salt Lake,5298
Utah,San Juan,6
Utah,Sanpete,12
Utah,Sevier,19
Utah,Summit,198
Utah,Tooele,46
Utah,Uintah,30
Utah,Utah,1165
Utah,Wasatch,63
Utah,Washington,300
Utah,Wayne,2
Utah,Weber,316
Vermont,Addison,86
Vermont,Bennington,78
Vermont,Caledonia,63
Vermont,Chittenden,791
Vermont,Essex,5
Vermont,Franklin,48
Vermont,Grand Isle,14
Vermont,Lamoille,59
Vermont,Orange,43
Vermont,Orleans,28
Vermont,Rutland,183
Vermont,Washington,513
Vermont,Windham,103
Vermont,Windsor,181
Virginia,Accomack,28
Virginia,Albemarle,57
Virginia,Alexandria,1675
Virginia,Alleghany,3
Virginia,Amelia,14
Virginia,Amherst,19
Virginia,Appomattox,14
Virginia,Arlington,1659
Virginia,Augusta,25
Virginia,Bath,8
Virginia,Bedford,79
Virginia,Bland,2
Virginia,Botetourt,25
Virginia,Bristol,55
Virginia,Brunswick,10
Virginia,Buchanan,35
Virginia,Buckingham,7
Virginia,Buena Vista,3
Virginia,Campbell,29
Virginia,Caroline,18
Virginia,Carroll,19
Virginia,Charles City,3
Virginia,Charlotte,6
Virginia,Charlottesvlile,601
Virginia,Chesapeake,319
Virginia,Chesterfield,520
Virginia,Clarke,23
Virginia,Colonial Heights,34
Virginia,Covington,12
Virginia,Craig,2
Virginia,Culpeper,55
Virginia,Cumberland,3
Virginia,Danville,74
Virginia,Dickenson,15
Virginia,Dinwiddie,8
Virginia,Emporia,11
Virginia,Essex,13
Virginia,Fairfax City and County,5198
Virginia,Falls Church,546
Virginia,Fauquier,132
Virginia,Floyd,9
Virginia,Fluvanna,22
Virginia,Franklin City,10
Virginia,Franklin County,29
Virginia,Frederick,17
Virginia,Fredericksburg,264
Virginia,Galax,9
Virginia,Giles,15
Virginia,Gloucester,36
Virginia,Goochland,43
Virginia,Grayson,7
Virginia,Greene,9
Virginia,Greensville,1
Virginia,Halifax,31
Virginia,Hampton,164
Virginia,Hanover,148
Virginia,Harrisonburg,181
Virginia,Henrico,594
Virginia,Henry,5
Virginia,Highland,2
Virginia,Hopewell,31
Virginia,Isle of Wight,32
Virginia,James City,8
Virginia,King George,12
Virginia,King William,10
Virginia,King and Queen,2
Virginia,Lancaster,43
Virginia,Lee,20
Virginia,Lexington,51
Virginia,Loudoun,749
Virginia,Louisa,25
Virginia,Lunenburg,6
Virginia,Lynchburg,217
Virginia,Madison,20
Virginia,Manassas,306
Virginia,Manassas Park,5
Virginia,Martinsville,44
Virginia,Mathews,9
Virginia,Mecklenburg,22
Virginia,Middlesex,18
Virginia,Montgomery,116
Virginia,Nelson,24
Virginia,New Kent,20
Virginia,Newport News,305
Virginia,Norfolk,854
Virginia,Northampton,12
Virginia,Northumberland,21
Virginia,Norton,17
Virginia,Nottoway,9
Virginia,Orange,52
Virginia,Page,18
Virginia,Patrick,11
Virginia,Petersburg,50
Virginia,Pittsylvania,19
Virginia,Poquoson,7
Virginia,Portsmouth,127
Virginia,Powhatan,25
Virginia,Prince Edward,28
Virginia,Prince George,15
Virginia,Prince William,341
Virginia,Pulaski,35
Virginia,Radford,23
Virginia,Rappahannock,17
Virginia,Richmond City,3707
Virginia,Richmond County,4
Virginia,Roanoke City,604
Virginia,Roanoke County,12
Virginia,Rockbridge,2
Virginia,Rockingham,24
Virginia,Russell,30
Virginia,Salem,66
Virginia,Scott,19
Virginia,Shenandoah,34
Virginia,Smyth,25
Virginia,Southampton,14
Virginia,Spotsylvania,43
Virginia,Stafford,85
Virginia,Staunton,76
Virginia,Suffolk,99
Virginia,Surry,4
Virginia,Sussex,7
Virginia,Tazewell,65
Virginia,Virginia Beach,1097
Virginia,Warren,48
Virginia,Washington,105
Virginia,Waynesboro,26
Virginia,Westmoreland,19
Virginia,Williamsburg,241
Virginia,Winchester,149
Virginia,Wise,57
Virginia,Wythe,29
Virginia,York,63
Washington,Adams,14
Washington,Asotin,24
Washington,Benton,394
Washington,Chelan,256
Washington,Clallam,163
Washington,Clark,875
Washington,Columbia,6
Washington,Cowlitz,145
Washington,Douglas,32
Washington,Ferry,12
Washington,Franklin,58
Washington,Garfield,2
Washington,Grant,121
Washington,Grays Harbor,111
Washington,Island,154
Washington,Jefferson,110
Washington,King,16552
Washington,Kitsap,802
Washington,Kittitas,90
Washington,Klickitat,23
Washington,Lewis,108
Washington,Lincoln,13
Washington,Mason,102
Washington,Okanogan,88
Washington,Pacific,30
Washington,Pend Oreille,16
Washington,Pierce,2264
Washington,San Juan,77
Washington,Skagit,290
Washington,Skamania,19
Washington,Snohomish,1586
Washington,Spokane,1925
Washington,Stevens,50
Washington,Thurston,1569
Washington,Wahkiakum,11
Washington,Walla Walla,112
Washington,Whatcom,589
Washington,Whitman,75
Washington,Yakima,456
West Virginia,Barbour,11
West Virginia,Berkeley,174
West Virginia,Boone,32
West Virginia,Braxton,8
West Virginia,Brooke,26
West Virginia,Cabell,377
West Virginia,Calhoun,4
West Virginia,Clay,7
West Virginia,Doddridge,5
West Virginia,Fayette,40
West Virginia,Gilmer,8
West Virginia,Grant,7
West Virginia,Greenbrier,69
West Virginia,Hampshire,17
West Virginia,Hancock,73
West Virginia,Hardy,18
West Virginia,Harrison,231
West Virginia,Jackson,34
West Virginia,Jefferson,72
West Virginia,Kanawha,1657
West Virginia,Lewis,21
West Virginia,Lincoln,15
West Virginia,Logan,29
West Virginia,Marion,97
West Virginia,Marshall,39
West Virginia,Mason,21
West Virginia,McDowell,13
West Virginia,Mercer,92
West Virginia,Mineral,21
West Virginia,Mingo,39
West Virginia,Monongalia,519
West Virginia,Monroe,10
West Virginia,Morgan,13
West Virginia,Nicholas,20
West Virginia,Ohio,274
West Virginia,Pendleton,9
West Virginia,Pleasants,8
West Virginia,Pocahontas,7
West Virginia,Preston,36
West Virginia,Putnam,103
West Virginia,Raleigh,115
West Virginia,Randolph,38
West Virginia,Ritchie,8
West Virginia,Roane,13
West Virginia,Summers,14
West Virginia,Taylor,10
West Virginia,Tucker,6
West Virginia,Tyler,4
West Virginia,Upshur,32
West Virginia,Wayne,15
West Virginia,Webster,5
West Virginia,Wetzel,11
West Virginia,Wirt,2
West Virginia,Wood,140
West Virginia,Wyoming,12
Wisconsin,Adams,8
Wisconsin,Ashland,23
Wisconsin,Barron,32
Wisconsin,Bayfield,16
Wisconsin,Brown,380
Wisconsin,Buffalo,1
Wisconsin,Burnett,9
Wisconsin,Calumet,15
Wisconsin,Chippewa,36
Wisconsin,Clark,13
Wisconsin,Columbia,48
Wisconsin,Crawford,10
Wisconsin,Dane,2696
Wisconsin,Dodge,67
Wisconsin,Door,33
Wisconsin,Douglas,44
Wisconsin,Dunn,28
Wisconsin,Eau Claire,208
Wisconsin,Florence,4
Wisconsin,Fond du Lac,63
Wisconsin,Forest,7
Wisconsin,Grant,41
Wisconsin,Green,40
Wisconsin,Green Lake,21
Wisconsin,Iowa,18
Wisconsin,Iron,6
Wisconsin,Jackson,31
Wisconsin,Jefferson,73
Wisconsin,Juneau,14
Wisconsin,Kenosha,161
Wisconsin,Kewaunee,17
Wisconsin,La Crosse,179
Wisconsin,Lafayette,5
Wisconsin,Langlade,10
Wisconsin,Lincoln,30
Wisconsin,Manitowoc,83
Wisconsin,Marathon,216
Wisconsin,Marinette,21
Wisconsin,Marquette,6
Wisconsin,Menominee,10
Wisconsin,Milwaukee,4045
Wisconsin,Monroe,41
Wisconsin,Oconto,8
Wisconsin,Oneida,52
Wisconsin,Outagamie,313
Wisconsin,Ozaukee,204
Wisconsin,Pepin,3
Wisconsin,Pierce,41
Wisconsin,Polk,29
Wisconsin,Portage,95
Wisconsin,Price,12
Wisconsin,Racine,240
Wisconsin,Richland,10
Wisconsin,Rock,165
Wisconsin,Rusk,5
Wisconsin,Sauk,91
Wisconsin,Sawyer,18
Wisconsin,Shawano,28
Wisconsin,Sheboygan,131
Wisconsin,St. Croix,123
Wisconsin,Taylor,12
Wisconsin,Trempealeau,18
Wisconsin,Vernon,27
Wisconsin,Vilas,25
Wisconsin,Walworth,107
Wisconsin,Washburn,14
Wisconsin,Washington,144
Wisconsin,Waukesha,1121
Wisconsin,Waupaca,31
Wisconsin,Waushara,9
Wisconsin,Winnebago,265
Wisconsin,Wood,59
Wyoming,Albany,144
Wyoming,Big Horn,11
Wyoming,Campbell,76
Wyoming,Carbon,26
Wyoming,Converse,18
Wyoming,Crook,6
Wyoming,Fremont,78
Wyoming,Goshen,14
Wyoming,Hot Springs,5
Wyoming,Johnson,24
Wyoming,Laramie,542
Wyoming,Lincoln,23
Wyoming,Natrona,218
Wyoming,Niobrara,4
Wyoming,Park,63
Wyoming,Platte,13
Wyoming,Sheridan,102
Wyoming,Sublette,18
Wyoming,Sweetwater,68
Wyoming,Teton,190
Wyoming,Uinta,25
Wyoming,Washakie,13
Wyoming,Weston,8