year,OCC_TITLE,A_Afford_Weighted,H_Afford_Weighted
2010,"Architects, except landscape and naval",0.4855553447299324,0.48554024203831253
2010,Audiologists,0.5577760677553093,0.557823464106012
2010,"Child, family, and school social workers",0.8426814530089216,0.8426896681845941
2010,Chiropractors,0.5313784387784224,0.5313827981109734
2010,"Dentists, general",0.2747379745592579,0.2747197026601777
2010,Dietitians and nutritionists,0.6472452428578045,0.6472287632169749
2010,"Educational, vocational, and school counselors",0.6410075675782549,0.6410114011278857
2010,Landscape architects,0.5915493055636766,0.5915642722854441
2010,Lawyers,0.3425692305565606,0.3425786744485904
2010,Marriage and family therapists,0.8410007673352479,0.8409291344298451
2010,Medical and public health social workers,0.7119422120874093,0.7119243368875084
2010,Mental health and substance abuse social workers,0.8997489055753037,0.8996951353093154
2010,Occupational therapists,0.4628572909286628,0.4628563221355957
2010,Optometrists,0.38368352433097663,0.38368031701627486
2010,"Pediatricians, general",0.22903560318008986,0.22904385334291877
2010,Pharmacists,0.29260984239384485,0.292611944928888
2010,Physical therapists,0.43733943979679013,0.4373437014964521
2010,Podiatrists,0.2862185419904175,0.28622595560489034
2010,Rehabilitation counselors,1.0618422032132007,1.0618059407941396
2010,Speech-language pathologists,0.505463963635494,0.5054698705980155
2010,Veterinarians,0.4181175931759183,0.41811409172901165
2011,"Architects, except landscape and naval",0.4945234921004509,0.49456212082940343
2011,Audiologists,0.5607982104187391,0.5607632314025124
2011,"Child, family, and school social workers",0.8549834066619043,0.8549679144196561
2011,Chiropractors,0.5111507721727666,0.511120402612564
2011,"Dentists, general",0.2763935288614079,0.2764026277086259
2011,Dietitians and nutritionists,0.6416795313448249,0.6416982790182526
2011,"Educational, vocational, and school counselors",0.6433450018418747,0.6433517293939495
2011,Landscape architects,0.5607060868758484,0.5607629142396885
2011,Lawyers,0.3468521784877114,0.3468647369339122
2011,Marriage and family therapists,0.8670052960174471,0.8670192092524877
2011,Medical and public health social workers,0.697813602606053,0.6978401628728935
2011,Mental health and substance abuse social workers,0.9012757862159267,0.9012199302634186
2011,Occupational therapists,0.4604791799612138,0.46049502486519844
2011,Optometrists,0.4060998863593908,0.406111478730625
2011,"Pediatricians, general",0.23080082135523614,0.23078018223234628
2011,Pharmacists,0.2905687300334572,0.2905816920518899
2011,Physical therapists,0.4335271025970852,0.4335486052427159
2011,Podiatrists,0.28364542797879405,0.28366960098630956
2011,Rehabilitation counselors,1.0527105527048604,1.0527850369205765
2011,Speech-language pathologists,0.49845451975343874,0.49848070182541937
2011,Veterinarians,0.41716553582367844,0.41716911236983123
2012,"Architects, except landscape and naval",0.4947087928397518,0.4947164046651758
2012,Audiologists,0.5327154724572666,0.532652207694264
2012,"Child, family, and school social workers",0.8436261206056169,0.8436268933424079
2012,Chiropractors,0.5128162143859182,0.5127708208042465
2012,"Dentists, general",0.2792350244529489,0.27923867359775767
2012,Dietitians and nutritionists,0.6388618777003057,0.6388916922015886
2012,"Educational, vocational, and school counselors",0.6513439008965991,0.6513615789327951
2012,Landscape architects,0.5746293530111036,0.5745577436645934
2012,Lawyers,0.34719851963014203,0.34719865741007727
2012,Marriage and family therapists,0.8819660266501781,0.8818819294610536
2012,Medical and public health social workers,0.6965256998723253,0.6965156015715469
2012,Mental health and substance abuse social workers,0.9010849876616093,0.9011176088651612
2012,Occupational therapists,0.4549273249398863,0.45493884420471686
2012,Optometrists,0.39562097855655975,0.395623122898435
2012,"Pediatricians, general",0.23685286103542233,0.2368943043355058
2012,Pharmacists,0.28491363324224983,0.28491788002631463
2012,Physical therapists,0.42963475383679384,0.42964031689513427
2012,Podiatrists,0.28819682074494524,0.28821400115875384
2012,Rehabilitation counselors,1.0460387949791092,1.0460812152009347
2012,Speech-language pathologists,0.4968481547169818,0.49686042217948245
2012,Veterinarians,0.4065253700803087,0.4065328966127719
2013,"Architects, except landscape and naval",0.48834467481096144,0.48834988689846603
2013,Audiologists,0.5218534794725861,0.5218367117618345
2013,"Child, family, and school social workers",0.8441043456426838,0.8440587431322911
2013,Chiropractors,0.538483530901965,0.5384962574402296
2013,"Dentists, general",0.2702684922403009,0.27026684440413234
2013,Dietitians and nutritionists,0.6412825487892472,0.6412642106851072
2013,"Educational, vocational, and school counselors",0.6625654435316156,0.6625658676851572
2013,Landscape architects,0.5777568379925636,0.5778051062805806
2013,Lawyers,0.34468131117931017,0.3446786880939164
2013,Marriage and family therapists,0.8980260475090897,0.898184373831657
2013,Medical and public health social workers,0.6923300457304635,0.692338456092946
2013,Mental health and substance abuse social workers,0.9058542623338971,0.9057706317424757
2013,Occupational therapists,0.45097498034484396,0.45096696200539116
2013,Optometrists,0.40164957346740476,0.40163155350978663
2013,"Pediatricians, general",0.22824895195098355,0.22816901408450707
2013,Pharmacists,0.28307175080483304,0.2830677963243066
2013,Physical therapists,0.4262573920249538,0.42624120219548667
2013,Podiatrists,0.2897487580379915,0.28973916890878104
2013,Rehabilitation counselors,1.0719688652923438,1.0719625700682365
2013,Speech-language pathologists,0.49248304063676673,0.49247555753839145
2013,Veterinarians,0.40658967278075503,0.4065787566292156
2014,"Architects, except landscape and naval",0.4968182754829835,0.4968193009449513
2014,Audiologists,0.4914236427065317,0.49140716307907695
2014,"Child, family, and school social workers",0.8522561226589249,0.8522374512757381
2014,Chiropractors,0.5851882085951661,0.5852082833114352
2014,"Dentists, general",0.28323898475743575,0.2832261944620121
2014,Dietitians and nutritionists,0.6354171580208491,0.6354202181577832
2014,"Educational, vocational, and school counselors",0.6712818279006294,0.6712785896575856
2014,Landscape architects,0.554493942470216,0.5546022965519186
2014,Lawyers,0.34872814263704627,0.34872949766387795
2014,Marriage and family therapists,0.9022987620338329,0.9023727742114593
2014,Medical and public health social workers,0.6908090256753149,0.6907960423616284
2014,Mental health and substance abuse social workers,0.9254082546742017,0.9254089512213942
2014,Occupational therapists,0.4468164895463912,0.4468196406277871
2014,Optometrists,0.36945717103829934,0.36946751494832736
2014,"Pediatricians, general",0.22410451959742453,0.22402808477441166
2014,Pharmacists,0.28245531777736654,0.2824541403463006
2014,Physical therapists,0.42446557569777754,0.4244555179740141
2014,Podiatrists,0.30250993771710644,0.3025260678254516
2014,Rehabilitation counselors,1.0759048745748883,1.0758627394624924
2014,Speech-language pathologists,0.4944503881678377,0.4944424756025361
2014,Veterinarians,0.4144895352056824,0.4144893694693663
2015,"Architects, except landscape and naval",0.4978390421056952,0.49786772101379195
2015,Audiologists,0.4802437783898361,0.48029589969017716
2015,"Child, family, and school social workers",0.870246570320336,0.870264807716213
2015,Chiropractors,0.6167039986311026,0.6167289232118058
2015,"Dentists, general",0.2951594449619864,0.2951660708474081
2015,Dietitians and nutritionists,0.6331328549931226,0.6331614691753119
2015,"Educational, vocational, and school counselors",0.6796928797145781,0.6797092350203838
2015,Landscape architects,0.5560292224672524,0.5560910597873839
2015,Lawyers,0.35379899260928177,0.3538115812921947
2015,Marriage and family therapists,0.8757468911002271,0.8758554989151833
2015,Medical and public health social workers,0.6927142260478687,0.6927497855954102
2015,Mental health and substance abuse social workers,0.9343177086181704,0.9343197358159103
2015,Occupational therapists,0.446415601418131,0.44642842118128956
2015,Optometrists,0.3874008075260122,0.38739407634543876
2015,"Pediatricians, general",0.22995156928108687,0.22998430141287282
2015,Pharmacists,0.28559773896934104,0.28560790815253273
2015,Physical therapists,0.42446443460690464,0.4244776758262316
2015,Podiatrists,0.3408550745691234,0.34087318355397134
2015,Rehabilitation counselors,1.0874382930492434,1.0874938127546374
2015,Speech-language pathologists,0.49444614093342293,0.4944628086652441
2015,Veterinarians,0.42001331722299257,0.42002882337715874
2016,"Architects, except landscape and naval",0.5011898967086617,0.5011783231468404
2016,Audiologists,0.47960265469013813,0.4795172844079639
2016,"Child, family, and school social workers",0.8752133327804327,0.8752384161298139
2016,Chiropractors,0.5857643995410854,0.5856923031279302
2016,"Dentists, general",0.3010942116108187,0.30108462549057896
2016,Dietitians and nutritionists,0.6294814840636797,0.6294795274726315
2016,"Educational, vocational, and school counselors",0.6858000085263916,0.6857999808259002
2016,Landscape architects,0.5297766460110643,0.5297994259882292
2016,Lawyers,0.357946769582339,0.35795134626343944
2016,Marriage and family therapists,0.8972180045768507,0.8972690441787203
2016,Medical and public health social workers,0.6896381266131145,0.6896390617738185
2016,Mental health and substance abuse social workers,0.927427311519834,0.927384520874191
2016,Occupational therapists,0.4472251016107395,0.44722798564189403
2016,Optometrists,0.37377878526470987,0.3737441952593406
2016,"Pediatricians, general",0.2410575427682737,0.2410028305701577
2016,Pharmacists,0.28967505644898295,0.2896753633081136
2016,Physical therapists,0.42923450060555657,0.4292355907382026
2016,Podiatrists,0.3438641683905382,0.34382736163697186
2016,Rehabilitation counselors,1.0872820790853583,1.087329915454306
2016,Speech-language pathologists,0.49686882670156773,0.49687779926168335
2016,Veterinarians,0.4277609202865081,0.427763214184523
2017,"Architects, except landscape and naval",0.4966893516893562,0.4967007790749068
2017,Audiologists,0.48739230590905946,0.4873102043672571
2017,"Child, family, and school social workers",0.8740795805196038,0.8740756195857581
2017,Chiropractors,0.5597973861690199,0.5597566496194443
2017,"Dentists, general",0.3130444856263398,0.3130436413181429
2017,Dietitians and nutritionists,0.6338790620409404,0.6338910593903552
2017,"Educational, vocational, and school counselors",0.6847663015326371,0.6847655382817626
2017,Landscape architects,0.55466315933156,0.5546335159616096
2017,Lawyers,0.3644967920394562,0.3645030737937816
2017,Marriage and family therapists,0.8700787684140862,0.8700038407578726
2017,Medical and public health social workers,0.689997008354539,0.6899817916681728
2017,Mental health and substance abuse social workers,0.9181444470166715,0.9181804709421955
2017,Occupational therapists,0.44783452735140694,0.44783565199195985
2017,Optometrists,0.36960768998107985,0.3696021081998317
2017,"Pediatricians, general",0.25770384510499045,0.25779920589903577
2017,Pharmacists,0.2907261770188994,0.29073306956497774
2017,Physical therapists,0.4296367588472928,0.42963808143913335
2017,Podiatrists,0.39936318499335893,0.3993521520786286
2017,Rehabilitation counselors,1.1032343424496436,1.1032847694856782
2017,Speech-language pathologists,0.4949031309895501,0.494904434959826
2017,Veterinarians,0.4171738338440414,0.41718038547916036
2018,"Architects, except landscape and naval",0.5007325234417341,0.5007626356689007
2018,Audiologists,0.5187943366894566,0.5188688769545101
2018,"Child, family, and school social workers",0.8633158933523405,0.8632961404257317
2018,Chiropractors,0.541446466881244,0.5414815021911306
2018,"Dentists, general",0.3236809207713002,0.3236795582481631
2018,Dietitians and nutritionists,0.6351845193412213,0.6352096804456312
2018,"Educational, vocational, and school counselors",0.6876286570947534,0.6876270077849507
2018,Landscape architects,0.5692534898418431,0.5692636059253363
2018,Lawyers,0.3707516017117034,0.37075163285057594
2018,Marriage and family therapists,0.840578587113907,0.8406295983000218
2018,Medical and public health social workers,0.682563795962226,0.6825884501647723
2018,Mental health and substance abuse social workers,0.9051506516758072,0.9051444516862941
2018,Occupational therapists,0.4561042955797728,0.4561124346865578
2018,Optometrists,0.3727096716429426,0.37270583514843797
2018,"Pediatricians, general",0.2700781304990498,0.27013177159590046
2018,Pharmacists,0.2944207245945185,0.29442717659016915
2018,Physical therapists,0.4361009660372198,0.43610675401747356
2018,Podiatrists,0.36580712586967395,0.3658366820845408
2018,Rehabilitation counselors,1.098465477953077,1.0983941010335496
2018,Speech-language pathologists,0.5031854894417331,0.5031848836712939
2018,Veterinarians,0.41040134951064966,0.4104067663109926
2019,"Architects, except landscape and naval",0.5135342763687912,0.5135391791185142
2019,Audiologists,0.5503636046153902,0.5502865725752899
2019,"Child, family, and school social workers",0.8639806826425361,0.8640016889574238
2019,Chiropractors,0.5694387669324115,0.5693972228866279
2019,"Dentists, general",0.3241678989954605,0.32418290186531357
2019,Dietitians and nutritionists,0.6461145539456186,0.6461196961003274
2019,"Educational, vocational, and school counselors",0.6908241674669713,0.6908499050403757
2019,Landscape architects,0.5481300366318083,0.5481166655478018
2019,Lawyers,0.3770872267667661,0.37709000336536697
2019,Marriage and family therapists,0.8149007182988262,0.8148234272307364
2019,Medical and public health social workers,0.6931202276707324,0.6931317877850058
2019,Mental health and substance abuse social workers,0.8965713773926298,0.8965893004280908
2019,Occupational therapists,0.4628784648025268,0.46289273370133455
2019,Optometrists,0.36366788046421916,0.3636803590324145
2019,"Pediatricians, general",0.267233238904627,0.26725589225589225
2019,Pharmacists,0.29893274706461515,0.2989365148337259
2019,Physical therapists,0.44233736678154817,0.44234349819790614
2019,Podiatrists,0.3635516184918441,0.36357278741370486
2019,Rehabilitation counselors,1.1135902777138142,1.1136046543605673
2019,Speech-language pathologists,0.5105611510420511,0.5105629572171003
2019,Veterinarians,0.4096779697770049,0.40969006574689637
2021,"Architects, except landscape and naval",0.5403855422488758,0.5404058488069349
2021,Audiologists,0.5674748132855378,0.5675026915442438
2021,"Child, family, and school social workers",0.8906509431990286,0.8906290589731287
2021,Chiropractors,0.6398348037779013,0.6398029889490777
2021,"Dentists, general",0.3395827353942987,0.33961150828519415
2021,Dietitians and nutritionists,0.6829166103598501,0.6829164561756055
2021,"Educational, vocational, and school counselors",0.7311958880957644,0.7312195845934079
2021,Landscape architects,0.635136018164915,0.6351271767954371
2021,Lawyers,0.38761623028005476,0.38762440284619726
2021,Marriage and family therapists,0.8700293864221234,0.8700672252599999
2021,Medical and public health social workers,0.7074100716468097,0.707417704124803
2021,Mental health and substance abuse social workers,0.9025679499225302,0.9026088203542966
2021,Occupational therapists,0.49248729722032136,0.4925014498526096
2021,Optometrists,0.38429692898568685,0.38431016626305603
2021,"Pediatricians, general",0.3223365617433414,0.32231665092854894
2021,Pharmacists,0.31903997627260167,0.31904819517424654
2021,Physical therapists,0.46230577431368536,0.46231588399932805
2021,Podiatrists,0.35246860550901177,0.35248744904044815
2021,Rehabilitation counselors,1.0896889197732997,1.0897060852976364
2021,Speech-language pathologists,0.5361331861828965,0.5361578131187041
2021,Veterinarians,0.4351181577791868,0.43513900838220615
2022,"Architects, except landscape and naval",0.5542434804368029,0.5542454532918611
2022,Audiologists,0.552801756427044,0.5527461947363125
2022,"Child, family, and school social workers",0.8967139600485178,0.8967418272507943
2022,Chiropractors,0.6226077358072137,0.6225828359321036
2022,"Dentists, general",0.34710198863694175,0.3471076898614163
2022,Dietitians and nutritionists,0.6785258812413764,0.6785383645156376
2022,"Educational, vocational, and school counselors",0.7618242977865984,0.7618335902719956
2022,Landscape architects,0.6158900531838283,0.6158408983815927
2022,Lawyers,0.3756744346095512,0.37567806581050117
2022,Marriage and family therapists,0.8471649740770756,0.8471533384044738
2022,Medical and public health social workers,0.7397658867776133,0.739773408972401
2022,Mental health and substance abuse social workers,0.9291814197229817,0.9291818760733226
2022,Occupational therapists,0.49091033076689916,0.49091875468134266
2022,Optometrists,0.39036874562460083,0.3903578480732181
2022,"Pediatricians, general",0.2155705585194278,0.2155553373269174
2022,Pharmacists,0.32801925400189724,0.32802314868522364
2022,Physical therapists,0.4610011523924753,0.4610046372627925
2022,Podiatrists,0.2969406901361906,0.2969220974992994
2022,Rehabilitation counselors,1.1193386690743115,1.11932934746487
2022,Speech-language pathologists,0.5355845842531611,0.5355846880392447
2022,Veterinarians,0.4331160964588687,0.43311819306378835
2023,"Architects, except landscape and naval",0.5526476689762481,0.5526722313397393
2023,Audiologists,0.5551791460281665,0.5551836473565118
2023,"Child, family, and school social workers",0.9070675752789229,0.9070503256932474
2023,Chiropractors,0.625801998302719,0.6258320630005503
2023,"Dentists, general",0.3193083858874298,0.31930638573434406
2023,Dietitians and nutritionists,0.6878833238350066,0.6878889669441403
2023,"Educational, vocational, and school counselors",0.7734712916139028,0.7734545908386166
2023,Landscape architects,0.7046449931038161,0.7046728544304066
2023,Lawyers,0.3754240613414105,0.3754286308315646
2023,Marriage and family therapists,0.8582753678578685,0.8582127925675476
2023,Medical and public health social workers,0.7425277210456476,0.7425462156040633
2023,Mental health and substance abuse social workers,0.925749985830696,0.9257885136294249
2023,Occupational therapists,0.4996981838387691,0.4996964620796799
2023,Optometrists,0.3876244691235451,0.38764805951693654
2023,"Pediatricians, general",0.29402985074626864,0.2940111240460484
2023,Pharmacists,0.3372790826147313,0.3372870931213539
2023,Physical therapists,0.4734197376645742,0.4734340141025163
2023,Podiatrists,0.3187603500777092,0.31878565263456193
2023,Rehabilitation counselors,1.1089875655923211,1.1090273191884155
2023,Speech-language pathologists,0.5373579433164758,0.537369688879694
2023,Veterinarians,0.41947285055571,0.4194767483883188
2024,"Architects, except landscape and naval",0.546285715299514,0.5462682213904322
2024,Audiologists,0.5585737469675907,0.5584905763580946
2024,"Child, family, and school social workers",0.8866929671828135,0.8866799897960957
2024,Chiropractors,0.6018312540704918,0.6017595838781674
2024,"Dentists, general",0.33801513463821575,0.3380116435080956
2024,Dietitians and nutritionists,0.6847210956493279,0.684699287415257
2024,"Educational, vocational, and school counselors",0.754999403014565,0.7549688856626539
2024,Landscape architects,0.6704861516199796,0.670469552165342
2024,Lawyers,0.38727110270994286,0.3872648750126977
2024,Marriage and family therapists,0.9066888012741803,0.9067122734040912
2024,Medical and public health social workers,0.7199024929914546,0.71990392006004
2024,Mental health and substance abuse social workers,0.8942723892844141,0.8942350882010304
2024,Occupational therapists,0.5045071177423863,0.5044989936217517
2024,Optometrists,0.37996269461363935,0.3799442201838447
2024,"Pediatricians, general",0.22990849177374237,0.22988165680473371
2024,Pharmacists,0.3452603848947398,0.34525838707635365
2024,Physical therapists,0.4816764726276683,0.4816653687981853
2024,Podiatrists,0.31556159564230024,0.3155507774006551
2024,Rehabilitation counselors,1.085002646885799,1.0849539027477453
2024,Speech-language pathologists,0.5349448313453979,0.5349284867384944
2024,Veterinarians,0.4039629284171178,0.40395155543231803
