Year,Profession,Spearman Rho,p_Value,Number of MSAs
2010,"Architects, except landscape and naval",0.02289996221821082,0.8371881235577103,83
2010,Audiologists,0.08571428571428573,0.8717434402332361,6
2010,"Child, family, and school social workers",0.19593808109348207,0.0039231180479125894,215
2010,Chiropractors,-0.17857142857142855,0.5242843600465525,15
2010,"Dentists, general",0.17221908526256355,0.44344982637269703,22
2010,Dietitians and nutritionists,0.21477775098464752,0.009734739414688652,144
2010,"Educational, vocational, and school counselors",0.16964152043244343,0.007540154204230407,247
2010,Landscape architects,0.48571428571428577,0.3287230320699709,6
2010,Lawyers,-0.34005979178887696,6.481645362339478e-07,204
2010,Marriage and family therapists,-0.4523809523809524,0.260404767436885,8
2010,Medical and public health social workers,0.10115616486282487,0.14404496486623009,210
2010,Mental health and substance abuse social workers,0.2392216951429411,0.029399228058160247,83
2010,Occupational therapists,0.06358627117714788,0.3924676492963659,183
2010,Optometrists,-0.17145721925133692,0.3400537012402106,33
2010,Pharmacists,0.32752851626838814,1.117613183964955e-08,290
2010,Physical therapists,0.23696518274727182,0.0001463232069848892,252
2010,Podiatrists,-0.6785714285714287,0.0937502539598313,7
2010,Rehabilitation counselors,0.4473125564588979,2.831244589714201e-05,81
2010,Speech-language pathologists,0.14673293269118695,0.04566135603957327,186
2010,Veterinarians,-0.017767488829822705,0.8551817287492194,108
2011,"Architects, except landscape and naval",0.03454934721464254,0.7565011972214815,83
2011,Audiologists,-0.14285714285714288,0.7871720116618075,6
2011,"Child, family, and school social workers",0.21826897534352435,0.0012787068120478978,215
2011,Chiropractors,0.024999999999999998,0.9295289708192378,15
2011,"Dentists, general",0.12140033879164315,0.5904546067875798,22
2011,Dietitians and nutritionists,0.16634514910376982,0.04629977579670718,144
2011,"Educational, vocational, and school counselors",0.19373791556904726,0.002225113983772021,247
2011,Landscape architects,0.3714285714285715,0.46847813411078715,6
2011,Lawyers,-0.3455230368009272,4.159944579337569e-07,204
2011,Marriage and family therapists,-0.2380952380952381,0.5701563208157683,8
2011,Medical and public health social workers,0.15164386623603385,0.028010877024097183,210
2011,Mental health and substance abuse social workers,0.27368708282607784,0.012293941204382883,83
2011,Occupational therapists,0.05181792548150354,0.4860250608076814,183
2011,Optometrists,0.23863636363636365,0.18108540425784575,33
2011,Pharmacists,0.337126563889603,3.872027759117779e-09,290
2011,Physical therapists,0.22853213533968775,0.00025386460624066755,252
2011,Podiatrists,-0.4642857142857144,0.2939341076002517,7
2011,Rehabilitation counselors,0.3620596205962059,0.0008958751707852569,81
2011,Speech-language pathologists,0.1353962207852151,0.06538682183697318,186
2011,Veterinarians,0.037888098164184925,0.697052150827457,108
2012,"Architects, except landscape and naval",0.05591704798287226,0.6156000941446937,83
2012,Audiologists,0.4285714285714286,0.3965014577259474,6
2012,"Child, family, and school social workers",0.18152092540269024,0.007623457783750438,215
2012,Chiropractors,0.11071428571428568,0.6944626472070963,15
2012,"Dentists, general",0.2241671372106155,0.3159085603715587,22
2012,Dietitians and nutritionists,0.18461940358492082,0.026746161673822103,144
2012,"Educational, vocational, and school counselors",0.1761022115902235,0.00551428480641004,247
2012,Landscape architects,0.8285714285714287,0.04156268221574334,6
2012,Lawyers,-0.30674883914877976,8.105441327644671e-06,204
2012,Marriage and family therapists,0.261904761904762,0.530922861565801,8
2012,Medical and public health social workers,0.17031613933584497,0.013455964101307026,210
2012,Mental health and substance abuse social workers,0.34093866756223495,0.0016101397874292726,83
2012,Occupational therapists,0.06623170129941336,0.37303371798056717,183
2012,Optometrists,0.13636363636363638,0.4492356356420384,33
2012,Pharmacists,0.3053143032165293,1.1326594062924643e-07,290
2012,Physical therapists,0.22784450378422322,0.0002652965998007456,252
2012,Podiatrists,-0.7857142857142859,0.03623846267982714,7
2012,Rehabilitation counselors,0.34830623306233066,0.001440343011258349,81
2012,Speech-language pathologists,0.11537095142408234,0.1168616179424801,186
2012,Veterinarians,0.021749692760581897,0.8232041725231253,108
2013,"Architects, except landscape and naval",0.05171907140758154,0.6423981999496723,83
2013,Audiologists,0.6,0.20799999999999982,6
2013,"Child, family, and school social workers",0.16313965563041852,0.01665602869823026,215
2013,Chiropractors,0.21071428571428572,0.450957865215285,15
2013,"Dentists, general",0.2907961603613778,0.18920778524573764,22
2013,Dietitians and nutritionists,0.20038582107547626,0.016033563324798238,144
2013,"Educational, vocational, and school counselors",0.20810704058457588,0.0010012889326094536,247
2013,Landscape architects,0.5428571428571429,0.26570262390670557,6
2013,Lawyers,-0.3174194825112552,3.728070872461362e-06,204
2013,Marriage and family therapists,0.11904761904761905,0.7788857260523797,8
2013,Medical and public health social workers,0.1282277213930993,0.06362918533510722,210
2013,Mental health and substance abuse social workers,0.39131438646572353,0.0002542039325923332,83
2013,Occupational therapists,0.035667290656599286,0.631693516008093,183
2013,Optometrists,0.1607620320855615,0.3714655888832621,33
2013,Pharmacists,0.30496102499886213,1.1733763141092745e-07,290
2013,Physical therapists,0.19046569228450402,0.002394523942724674,252
2013,Podiatrists,-0.642857142857143,0.11939237342741094,7
2013,Rehabilitation counselors,0.3545618789521229,0.001163596050008794,81
2013,Speech-language pathologists,0.006917837278368587,0.925338079122972,186
2013,Veterinarians,0.045681023559785455,0.6387463982569417,108
2014,"Architects, except landscape and naval",0.010935728978632297,0.921836050992147,83
2014,Audiologists,0.6,0.20799999999999982,6
2014,"Child, family, and school social workers",0.18422027343702493,0.006755257007689414,215
2014,Chiropractors,0.3714285714285714,0.17284974708033998,15
2014,"Dentists, general",0.3551665725578769,0.10479718977207557,22
2014,Dietitians and nutritionists,0.22222490153524638,0.007428098884558307,144
2014,"Educational, vocational, and school counselors",0.20908335111821796,0.0009465525105341354,247
2014,Landscape architects,-0.14285714285714288,0.7871720116618075,6
2014,Lawyers,-0.31430691704772745,4.690528005615268e-06,204
2014,Marriage and family therapists,-0.30952380952380953,0.4556448907375822,8
2014,Medical and public health social workers,0.1196846057409789,0.08358251557477926,210
2014,Mental health and substance abuse social workers,0.2916544225683221,0.007467775555041883,83
2014,Occupational therapists,0.04362903667964253,0.5575813187612498,183
2014,Optometrists,0.2466577540106952,0.16642107693305488,33
2014,Pharmacists,0.3088269121245035,7.952249412166936e-08,290
2014,Physical therapists,0.18125352907961606,0.003889886847056395,252
2014,Podiatrists,-0.4642857142857144,0.2939341076002517,7
2014,Rehabilitation counselors,0.34830623306233066,0.001440343011258349,81
2014,Speech-language pathologists,0.025574271874082115,0.7289730135032342,186
2014,Veterinarians,0.028142178017853226,0.7724924406731153,108
2015,"Architects, except landscape and naval",-0.17698669241425632,0.10945758746403872,83
2015,Audiologists,0.5428571428571429,0.26570262390670557,6
2015,"Child, family, and school social workers",0.21986162428457584,0.001175303249643562,215
2015,Chiropractors,0.1857142857142857,0.5075409629336737,15
2015,"Dentists, general",0.17673630717108982,0.43139783214875327,22
2015,Dietitians and nutritionists,0.1904308335342818,0.022241603758171496,144
2015,"Educational, vocational, and school counselors",0.20581597581680397,0.0011413628319635913,247
2015,Landscape architects,-0.14285714285714288,0.7871720116618075,6
2015,Lawyers,-0.31374999116551583,4.8859567759685965e-06,204
2015,Marriage and family therapists,-0.19047619047619052,0.6514014957024814,8
2015,Medical and public health social workers,0.15799451234721876,0.022004153240238748,210
2015,Mental health and substance abuse social workers,0.2945720162881491,0.006866721836148738,83
2015,Occupational therapists,0.06885363389283562,0.354366971862379,183
2015,Optometrists,0.3098262032085562,0.07931818484657795,33
2015,Pharmacists,0.324414452424913,1.5640971153632085e-08,290
2015,Physical therapists,0.14594286134213383,0.020466948379979463,252
2015,Podiatrists,-0.5357142857142858,0.21521745567801273,7
2015,Rehabilitation counselors,0.3523712737127372,0.001254482782475136,81
2015,Speech-language pathologists,0.028617784595014198,0.6982063137600527,186
2015,Veterinarians,-0.018558213533777283,0.8488116957758957,108
2016,"Architects, except landscape and naval",-0.1509592376474539,0.17311339298589656,83
2016,Audiologists,0.7714285714285715,0.07239650145772594,6
2016,"Child, family, and school social workers",0.19499987925330245,0.004102178025446902,215
2016,Chiropractors,-0.03214285714285714,0.9094621170945906,15
2016,"Dentists, general",0.27724449463579903,0.2116105135266433,22
2016,Dietitians and nutritionists,0.1551603568844948,0.06331694166460455,144
2016,"Educational, vocational, and school counselors",0.19276399404976155,0.002344313786082577,247
2016,Landscape architects,-0.08571428571428573,0.8717434402332361,6
2016,Lawyers,-0.31113922440296554,5.909890607788062e-06,204
2016,Marriage and family therapists,0.3333333333333334,0.4197530864197531,8
2016,Medical and public health social workers,0.1368382179058158,0.047651408250436934,210
2016,Mental health and substance abuse social workers,0.21942823559044541,0.04624708507450418,83
2016,Occupational therapists,0.07349243771196731,0.32280373499294945,183
2016,Optometrists,0.3425802139037433,0.05098528804589558,33
2016,Pharmacists,0.3396275571770709,2.9198690333196654e-09,290
2016,Physical therapists,0.16981574923719392,0.006892549377256405,252
2016,Podiatrists,-0.642857142857143,0.11939237342741094,7
2016,Rehabilitation counselors,0.3856368563685637,0.00037746678428189227,81
2016,Speech-language pathologists,0.012048170302439752,0.8703504471782589,186
2016,Veterinarians,-0.04491887926681719,0.6443596505148479,108
2017,"Architects, except landscape and naval",-0.17035388942529697,0.1236239747486502,83
2017,Audiologists,0.5428571428571429,0.26570262390670557,6
2017,"Child, family, and school social workers",0.1801371682484484,0.00810592931890498,215
2017,Chiropractors,0.0035714285714285704,0.9899214068809781,15
2017,"Dentists, general",0.4285714285714286,0.0465837977402328,22
2017,Dietitians and nutritionists,0.11595932802829355,0.16634066679282922,144
2017,"Educational, vocational, and school counselors",0.1493333057269452,0.018862647660911145,247
2017,Landscape architects,-0.08571428571428573,0.8717434402332361,6
2017,Lawyers,-0.3326077276999951,1.170921540821359e-06,204
2017,Marriage and family therapists,0.261904761904762,0.530922861565801,8
2017,Medical and public health social workers,0.07748604600687414,0.26362728628415955,210
2017,Mental health and substance abuse social workers,0.25821753914613155,0.01842731691328354,83
2017,Occupational therapists,0.07325550429613154,0.32437040661057714,183
2017,Optometrists,0.12266042780748664,0.4964816355471343,33
2017,Pharmacists,0.31368620972572964,4.837901520975639e-08,290
2017,Physical therapists,0.1627347189446618,0.009660149512580686,252
2017,Podiatrists,-0.07142857142857144,0.8790481931481541,7
2017,Rehabilitation counselors,0.3290650406504065,0.002703628908404935,81
2017,Speech-language pathologists,-0.023761591503526986,0.7475089484332944,186
2017,Veterinarians,-0.09513466136976383,0.3273884945598393,108
2018,"Architects, except landscape and naval",-0.11466773015406573,0.3019601109341928,83
2018,Audiologists,0.14285714285714288,0.7871720116618075,6
2018,"Child, family, and school social workers",0.1469958221642638,0.031198290605155922,215
2018,Chiropractors,0.09999999999999999,0.7228973252791182,15
2018,"Dentists, general",0.4963297571993225,0.018799296027891214,22
2018,Dietitians and nutritionists,0.11303753717546823,0.1773510582521368,144
2018,"Educational, vocational, and school counselors",0.1336247399956042,0.03583044624658324,247
2018,Landscape architects,-0.2571428571428572,0.6227871720116618,6
2018,Lawyers,-0.32646599430352463,1.8844830357354487e-06,204
2018,Marriage and family therapists,0.04761904761904763,0.9108491685195836,8
2018,Medical and public health social workers,0.04831402072609356,0.4862005638049932,210
2018,Mental health and substance abuse social workers,0.20962596028714156,0.05716971258917452,83
2018,Occupational therapists,0.0892827770946089,0.229394160665986,183
2018,Optometrists,-0.10895721925133692,0.5461236876829099,33
2018,Pharmacists,0.32542409992164406,1.4031904943830235e-08,290
2018,Physical therapists,0.18130901952138745,0.0038787896979450625,252
2018,Podiatrists,0.10714285714285716,0.8191508555699912,7
2018,Rehabilitation counselors,0.3456639566395664,0.0015741462280785368,81
2018,Speech-language pathologists,0.00652434390574808,0.9295736358495101,186
2018,Veterinarians,-0.12992654834376519,0.1801760580905064,108
2019,"Architects, except landscape and naval",-0.1003526300323244,0.3666999167726793,83
2019,Audiologists,-0.028571428571428574,0.9571545189504373,6
2019,"Child, family, and school social workers",0.19039822260861164,0.005091585923247649,215
2019,Chiropractors,-0.14285714285714282,0.6115222287644655,15
2019,"Dentists, general",0.4669678147939018,0.028449501046477806,22
2019,Dietitians and nutritionists,0.13689012137288,0.10182365325038664,144
2019,"Educational, vocational, and school counselors",0.11417816313464166,0.07325953328291467,247
2019,Landscape architects,-0.2571428571428572,0.6227871720116618,6
2019,Lawyers,-0.32324317447752865,2.4090573557299344e-06,204
2019,Marriage and family therapists,-0.2142857142857143,0.6103444156452669,8
2019,Medical and public health social workers,0.09958826406818425,0.15039583599417067,210
2019,Mental health and substance abuse social workers,0.12474287393476345,0.2611734730865047,83
2019,Occupational therapists,0.06827598630877321,0.358428424480436,183
2019,Optometrists,-0.2847593582887701,0.10823051408866677,33
2019,Pharmacists,0.3098301632189648,7.182025333245624e-08,290
2019,Physical therapists,0.13456882052066532,0.032735287867831094,252
2019,Podiatrists,0.3214285714285715,0.4820720382996776,7
2019,Rehabilitation counselors,0.29751580849141823,0.0069883805115765205,81
2019,Speech-language pathologists,-0.00199823767186196,0.9784049882319024,186
2019,Veterinarians,-0.09225756666380863,0.3422954155602693,108
2021,"Architects, except landscape and naval",0.006695772637588682,0.9520943674938793,83
2021,Audiologists,-0.4285714285714286,0.3965014577259474,6
2021,"Child, family, and school social workers",0.15652998140500854,0.021677522752992062,215
2021,Chiropractors,0.039285714285714285,0.8894459296739485,15
2021,"Dentists, general",0.5369847543760589,0.009969419900431743,22
2021,Dietitians and nutritionists,0.1083073188523564,0.1962999570954868,144
2021,"Educational, vocational, and school counselors",0.18795172279788616,0.003023071778163722,247
2021,Landscape architects,-0.7142857142857143,0.1107871720116617,6
2021,Lawyers,-0.22621368143556836,0.0011403227612333863,204
2021,Marriage and family therapists,0.1666666666666667,0.693238811728395,8
2021,Medical and public health social workers,-0.03691240164176059,0.5947951969252872,210
2021,Mental health and substance abuse social workers,0.12423911674572855,0.26311936715887807,83
2021,Occupational therapists,0.04319239541269787,0.5615348560163647,183
2021,Optometrists,-0.002005347593582888,0.9911630914606229,33
2021,Pharmacists,0.18558700604842823,0.0015014425492425737,290
2021,Physical therapists,0.055665547046812244,0.37888510513060036,252
2021,Podiatrists,-0.03571428571428572,0.9394082054712856,7
2021,Rehabilitation counselors,0.28394308943089436,0.01020292653802933,81
2021,Speech-language pathologists,0.0036095091123554118,0.9610026193236578,186
2021,Veterinarians,-0.12286718683014661,0.20521919415253898,108
2022,"Architects, except landscape and naval",-0.015385584148440452,0.890199535488758,83
2022,Audiologists,-0.3714285714285715,0.46847813411078715,6
2022,"Child, family, and school social workers",0.11213866550749838,0.10103290651530142,215
2022,Chiropractors,-0.035714285714285705,0.8994469934720875,15
2022,"Dentists, general",0.5787690570299266,0.004771352500069301,22
2022,Dietitians and nutritionists,0.17287999356964873,0.03825536618468055,144
2022,"Educational, vocational, and school counselors",0.17367576934225656,0.006209462781007001,247
2022,Landscape architects,-0.14285714285714288,0.7871720116618075,6
2022,Lawyers,-0.27822971072365027,5.5932149830133834e-05,204
2022,Marriage and family therapists,0.07142857142857144,0.8665262706759088,8
2022,Medical and public health social workers,0.04952428464526244,0.475332541110836,210
2022,Mental health and substance abuse social workers,0.20376978296461104,0.06464364612911462,83
2022,Occupational therapists,0.02805996569360789,0.7061279433785844,183
2022,Optometrists,0.17179144385026737,0.3390989605625021,33
2022,Pharmacists,0.2637268637824633,5.2996636412589684e-06,290
2022,Physical therapists,0.08385655570827927,0.1845412378491771,252
2022,Podiatrists,-0.642857142857143,0.11939237342741094,7
2022,Rehabilitation counselors,0.4701219512195122,9.500098161845101e-06,81
2022,Speech-language pathologists,-0.017131880888996635,0.8164683843888055,186
2022,Veterinarians,-0.1629369230329532,0.09201444025231804,108
2023,"Architects, except landscape and naval",-0.05980017631501615,0.59125091135496,83
2023,Audiologists,-0.3714285714285715,0.46847813411078715,6
2023,"Child, family, and school social workers",0.21634789538506125,0.001414502040784319,215
2023,Chiropractors,-0.10357142857142855,0.7133796306287292,15
2023,"Dentists, general",0.3314511575381141,0.13184479008712222,22
2023,Dietitians and nutritionists,0.15028534683707098,0.07218777358875325,144
2023,"Educational, vocational, and school counselors",0.1194156789419533,0.06093653158588207,247
2023,Landscape architects,0.2571428571428572,0.6227871720116618,6
2023,Lawyers,-0.33806249160724,7.606493961982291e-07,204
2023,Marriage and family therapists,0.261904761904762,0.530922861565801,8
2023,Medical and public health social workers,0.0785783934199998,0.25693456683545896,210
2023,Mental health and substance abuse social workers,0.2726375886822551,0.012645112269121168,83
2023,Occupational therapists,-0.006714418866949161,0.9281206546177877,183
2023,Optometrists,0.27840909090909094,0.11667795764270027,33
2023,Pharmacists,0.2834523843204499,9.239341250297568e-07,290
2023,Physical therapists,0.14980244652858546,0.017328592849234305,252
2023,Podiatrists,-0.21428571428571433,0.6445115810207203,7
2023,Rehabilitation counselors,0.3789521228545618,0.0004854944575452836,81
2023,Speech-language pathologists,-0.031144720708288068,0.6730276868659555,186
2023,Veterinarians,-0.18018996446502233,0.06202675003109536,108
2024,"Architects, except landscape and naval",-0.19470215356198312,0.07775859231157445,83
2024,Audiologists,-0.6,0.20799999999999982,6
2024,"Child, family, and school social workers",0.16509092226327607,0.015382441240058829,215
2024,Chiropractors,-0.37499999999999994,0.16843274984674558,15
2024,"Dentists, general",0.3675889328063242,0.0923715687441698,22
2024,Dietitians and nutritionists,0.14689735551804517,0.07892648381151007,144
2024,"Educational, vocational, and school counselors",0.08904652844360492,0.1629705735491936,247
2024,Landscape architects,0.2,0.704,6
2024,Lawyers,-0.3972280922461499,4.04046205089709e-09,204
2024,Marriage and family therapists,0.30952380952380953,0.4556448907375822,8
2024,Medical and public health social workers,0.04940895971078061,0.476362408164861,210
2024,Mental health and substance abuse social workers,0.3302758070609966,0.0022931310693396724,83
2024,Occupational therapists,-0.06846200841211533,0.35711734123651473,183
2024,Optometrists,0.07987967914438504,0.6585704668475065,33
2024,Pharmacists,0.27064924713115207,2.915883886584573e-06,290
2024,Physical therapists,0.11676315943888112,0.06421594253744244,252
2024,Podiatrists,-0.21428571428571433,0.6445115810207203,7
2024,Rehabilitation counselors,0.4114046973803071,0.00013590611437273826,81
2024,Speech-language pathologists,-0.06657777321913944,0.36658909348777013,186
2024,Veterinarians,-0.19839568626330178,0.039560888400647906,108
