CBSA,MSA,firm_addresses,solo_addresses,lawyers_in_firms,lawyers_solo,total_addresses,pct_addresses_firms,pct_addresses_solo
10180,"Abilene, TX",45,245,166,245,290,0.15517241379310345,0.8448275862068966
10420,"Akron, OH",385,1772,1974,1772,2157,0.17848864163189615,0.8215113583681039
10500,"Albany, GA",51,190,221,190,241,0.21161825726141079,0.7883817427385892
10540,"Albany, OR",28,116,95,116,144,0.19444444444444445,0.8055555555555556
10580,"Albany-Schenectady-Troy, NY",925,3053,5592,3053,3978,0.23252890899949724,0.7674710910005028
10740,"Albuquerque, NM",828,2847,3673,2847,3675,0.2253061224489796,0.7746938775510204
10780,"Alexandria, LA",107,337,380,337,444,0.240990990990991,0.759009009009009
10900,"Allentown-Bethlehem-Easton, PA-NJ",274,1103,1173,1103,1377,0.19898329702251272,0.8010167029774873
11020,"Altoona, PA",41,105,140,105,146,0.2808219178082192,0.7191780821917808
11100,"Amarillo, TX",95,407,440,407,502,0.1892430278884462,0.8107569721115537
11180,"Ames, IA",44,141,149,141,185,0.23783783783783785,0.7621621621621621
11200,"Amherst Town-Northampton, MA",85,539,295,539,624,0.1362179487179487,0.8637820512820513
11260,"Anchorage, AK",331,1164,1583,1164,1495,0.2214046822742475,0.7785953177257525
11460,"Ann Arbor, MI",264,1372,1215,1372,1636,0.16136919315403422,0.8386308068459658
11500,"Anniston-Oxford, AL",38,148,136,148,186,0.20430107526881722,0.7956989247311828
11540,"Appleton, WI",76,268,342,268,344,0.22093023255813954,0.7790697674418605
11700,"Asheville, NC",178,1169,658,1169,1347,0.1321455085374907,0.8678544914625093
12020,"Athens-Clarke County, GA",103,532,430,532,635,0.16220472440944883,0.8377952755905512
12060,"Atlanta-Sandy Springs-Roswell, GA",4464,16320,26054,16320,20784,0.21478060046189376,0.7852193995381063
12100,"Atlantic City-Hammonton, NJ",205,777,1026,777,982,0.20875763747454176,0.7912423625254582
12220,"Auburn-Opelika, AL",57,273,183,273,330,0.17272727272727273,0.8272727272727273
12260,"Augusta-Richmond County, GA-SC",193,745,687,745,938,0.20575692963752665,0.7942430703624733
12420,"Austin-Round Rock-San Marcos, TX",2026,7756,10635,7756,9782,0.20711510938458394,0.7928848906154161
12540,"Bakersfield-Delano, CA",129,593,555,593,722,0.1786703601108033,0.8213296398891967
12580,"Baltimore-Columbia-Towson, MD",2146,10098,10275,10098,12244,0.17526951976478275,0.8247304802352172
12620,"Bangor, ME",62,256,306,256,318,0.1949685534591195,0.8050314465408805
12700,"Barnstable Town, MA",169,1089,690,1089,1258,0.1343402225755167,0.8656597774244833
12940,"Baton Rouge, LA",702,2943,3350,2943,3645,0.1925925925925926,0.8074074074074075
12980,"Battle Creek, MI",31,136,142,136,167,0.18562874251497005,0.8143712574850299
13020,"Bay City, MI",32,128,94,128,160,0.2,0.8
13140,"Beaumont-Port Arthur, TX",138,452,576,452,590,0.23389830508474577,0.7661016949152543
13220,"Beckley, WV",36,144,115,144,180,0.2,0.8
13380,"Bellingham, WA",89,452,347,452,541,0.1645101663585952,0.8354898336414048
13460,"Bend, OR",108,606,408,606,714,0.15126050420168066,0.8487394957983193
13740,"Billings, MT",113,425,526,425,538,0.2100371747211896,0.7899628252788105
13780,"Binghamton, NY",81,313,550,313,394,0.20558375634517767,0.7944162436548223
13820,"Birmingham, AL",969,3831,5387,3831,4800,0.201875,0.798125
13900,"Bismarck, ND",103,316,444,316,419,0.2458233890214797,0.7541766109785203
13980,"Blacksburg-Christiansburg-Radford, VA",50,202,149,202,252,0.1984126984126984,0.8015873015873016
14010,"Bloomington, IL",77,292,352,292,369,0.2086720867208672,0.7913279132791328
14020,"Bloomington, IN",75,451,396,451,526,0.14258555133079848,0.8574144486692015
14260,"Boise City, ID",421,1640,2154,1640,2061,0.20426977195536147,0.7957302280446386
14460,"Boston-Cambridge-Newton, MA-NH",5701,22122,35077,22122,27823,0.2049024188620925,0.7950975811379075
14500,"Boulder, CO",343,1603,1476,1603,1946,0.17625899280575538,0.8237410071942446
14540,"Bowling Green, KY",57,301,264,301,358,0.15921787709497207,0.840782122905028
14580,"Bozeman, MT",69,393,247,393,462,0.14935064935064934,0.8506493506493507
14740,"Bremerton-Silverdale-Port Orchard, WA",98,744,334,744,842,0.1163895486935867,0.8836104513064132
15180,"Brownsville-Harlingen, TX",99,410,355,410,509,0.1944990176817289,0.8055009823182712
15260,"Brunswick-St. Simons, GA",75,331,295,331,406,0.18472906403940886,0.8152709359605911
15380,"Buffalo-Cheektowaga, NY",793,2486,4679,2486,3279,0.24184202500762428,0.7581579749923757
15500,"Burlington, NC",34,233,117,233,267,0.12734082397003746,0.8726591760299626
15540,"Burlington-South Burlington, VT",182,579,816,579,761,0.23915900131406045,0.7608409986859396
15940,"Canton-Massillon, OH",126,670,599,670,796,0.15829145728643215,0.8417085427135679
15980,"Cape Coral-Fort Myers, FL",304,1389,1286,1389,1693,0.1795629060838748,0.8204370939161252
16020,"Cape Girardeau, MO-IL",34,148,125,148,182,0.18681318681318682,0.8131868131868132
16180,"Carson City, NV",59,225,282,225,284,0.20774647887323944,0.7922535211267606
16220,"Casper, WY",48,190,166,190,238,0.20168067226890757,0.7983193277310925
16300,"Cedar Rapids, IA",128,424,732,424,552,0.2318840579710145,0.7681159420289855
16540,"Chambersburg, PA",31,119,123,119,150,0.20666666666666667,0.7933333333333333
16580,"Champaign-Urbana, IL",93,424,458,424,517,0.17988394584139264,0.8201160541586073
16620,"Charleston, WV",275,912,1512,912,1187,0.2316764953664701,0.7683235046335299
16700,"Charleston-North Charleston, SC",672,2471,3056,2471,3143,0.21380846325167038,0.7861915367483296
16740,"Charlotte-Concord-Gastonia, NC-SC",1183,5921,6444,5921,7104,0.16652590090090091,0.8334740990990991
16820,"Charlottesville, VA",205,1088,883,1088,1293,0.1585460170146945,0.8414539829853055
16860,"Chattanooga, TN-GA",261,1081,1246,1081,1342,0.19448584202682564,0.8055141579731744
16940,"Cheyenne, WY",120,455,502,455,575,0.20869565217391303,0.7913043478260869
16980,"Chicago-Naperville-Elgin, IL-IN",8067,30704,54687,30704,38771,0.20806788579092622,0.7919321142090738
17020,"Chico, CA",52,312,166,312,364,0.14285714285714285,0.8571428571428571
17140,"Cincinnati, OH-KY-IN",1239,5529,7563,5529,6768,0.18306737588652483,0.8169326241134752
17300,"Clarksville, TN-KY",85,351,279,351,436,0.19495412844036697,0.805045871559633
17410,"Cleveland, OH",1685,7422,10319,7422,9107,0.18502251015702206,0.8149774898429779
17420,"Cleveland, TN",33,111,86,111,144,0.22916666666666666,0.7708333333333334
17660,"Coeur d'Alene, ID",48,317,217,317,365,0.13150684931506848,0.8684931506849315
17780,"College Station-Bryan, TX",78,386,267,386,464,0.16810344827586207,0.8318965517241379
17820,"Colorado Springs, CO",298,1387,1216,1387,1685,0.1768545994065282,0.8231454005934719
17860,"Columbia, MO",109,499,398,499,608,0.17927631578947367,0.8207236842105263
17900,"Columbia, SC",626,2328,3217,2328,2954,0.21191604603926878,0.7880839539607312
17980,"Columbus, GA-AL",114,435,421,435,549,0.20765027322404372,0.7923497267759563
18020,"Columbus, IN",34,115,132,115,149,0.22818791946308725,0.7718120805369127
18140,"Columbus, OH",1517,6020,9169,6020,7537,0.2012737163327584,0.7987262836672416
18580,"Corpus Christi, TX",190,663,716,663,853,0.2227432590855803,0.7772567409144197
18700,"Corvallis, OR",23,163,88,163,186,0.12365591397849462,0.8763440860215054
18880,"Crestview-Fort Walton Beach-Destin, FL",118,567,400,567,685,0.17226277372262774,0.8277372262773722
19100,"Dallas-Fort Worth-Arlington, TX",4654,16085,26141,16085,20739,0.22440811996721152,0.7755918800327884
19140,"Dalton, GA",53,148,185,148,201,0.263681592039801,0.736318407960199
19300,"Daphne-Fairhope-Foley, AL",81,553,257,553,634,0.1277602523659306,0.8722397476340694
19340,"Davenport-Moline-Rock Island, IA-IL",160,506,858,506,666,0.24024024024024024,0.7597597597597597
19430,"Dayton-Kettering-Beavercreek, OH",359,1601,1814,1601,1960,0.18316326530612245,0.8168367346938775
19460,"Decatur, AL",36,166,113,166,202,0.1782178217821782,0.8217821782178217
19500,"Decatur, IL",45,124,187,124,169,0.26627218934911245,0.7337278106508875
19660,"Deltona-Daytona Beach-Ormond Beach, FL",214,1048,852,1048,1262,0.16957210776545167,0.8304278922345484
19740,"Denver-Aurora-Centennial, CO",3035,10522,17341,10522,13557,0.22386958766688794,0.7761304123331121
19780,"Des Moines-West Des Moines, IA",621,1780,3515,1780,2401,0.25864223240316536,0.7413577675968347
19820,"Detroit-Warren-Dearborn, MI",2838,10870,14587,10870,13708,0.20703238984534578,0.7929676101546542
20020,"Dothan, AL",63,223,186,223,286,0.2202797202797203,0.7797202797202797
20100,"Dover, DE",62,190,262,190,252,0.24603174603174602,0.753968253968254
20220,"Dubuque, IA",36,131,147,131,167,0.2155688622754491,0.7844311377245509
20260,"Duluth, MN-WI",93,469,389,469,562,0.16548042704626334,0.8345195729537367
20500,"Durham-Chapel Hill, NC",397,2749,1485,2749,3146,0.12619198982835347,0.8738080101716466
20580,"Eagle Pass, TX",11,46,28,46,57,0.19298245614035087,0.8070175438596491
20740,"Eau Claire, WI",54,229,231,229,283,0.19081272084805653,0.8091872791519434
20940,"El Centro, CA",23,109,77,109,132,0.17424242424242425,0.8257575757575758
21060,"Elizabethtown, KY",44,182,138,182,226,0.19469026548672566,0.8053097345132744
21140,"Elkhart-Goshen, IN",65,180,256,180,245,0.2653061224489796,0.7346938775510204
21300,"Elmira, NY",31,132,121,132,163,0.1901840490797546,0.8098159509202454
21340,"El Paso, TX",234,881,985,881,1115,0.20986547085201793,0.7901345291479821
21420,"Enid, OK",30,95,123,95,125,0.24,0.76
21500,"Erie, PA",89,296,467,296,385,0.23116883116883116,0.7688311688311689
21660,"Eugene-Springfield, OR",203,928,827,928,1131,0.1794871794871795,0.8205128205128205
21780,"Evansville, IN",120,407,544,407,527,0.22770398481973433,0.7722960151802657
21820,"Fairbanks-College, AK",46,160,184,160,206,0.22330097087378642,0.7766990291262136
22020,"Fargo, ND-MN",137,408,615,408,545,0.25137614678899084,0.7486238532110092
22140,"Farmington, NM",29,99,96,99,128,0.2265625,0.7734375
22180,"Fayetteville, NC",65,478,251,478,543,0.11970534069981584,0.8802946593001841
22220,"Fayetteville-Springdale-Rogers, AR",257,1652,1074,1652,1909,0.13462545835515977,0.8653745416448402
22380,"Flagstaff, AZ",45,245,183,245,290,0.15517241379310345,0.8448275862068966
22420,"Flint, MI",120,496,407,496,616,0.19480519480519481,0.8051948051948052
22500,"Florence, SC",62,214,242,214,276,0.2246376811594203,0.7753623188405797
22520,"Florence-Muscle Shoals, AL",59,214,175,214,273,0.21611721611721613,0.7838827838827839
22540,"Fond du Lac, WI",22,90,64,90,112,0.19642857142857142,0.8035714285714286
22660,"Fort Collins-Loveland, CO",176,713,610,713,889,0.19797525309336333,0.8020247469066367
22900,"Fort Smith, AR-OK",96,414,481,414,510,0.18823529411764706,0.8117647058823529
23060,"Fort Wayne, IN",230,693,1166,693,923,0.24918743228602383,0.7508125677139762
23420,"Fresno, CA",349,1297,1589,1297,1646,0.2120291616038882,0.7879708383961118
23460,"Gadsden, AL",31,142,86,142,173,0.1791907514450867,0.8208092485549133
23540,"Gainesville, FL",202,950,741,950,1152,0.1753472222222222,0.8246527777777778
23580,"Gainesville, GA",63,315,312,315,378,0.16666666666666666,0.8333333333333334
23900,"Gettysburg, PA",40,140,186,140,180,0.2222222222222222,0.7777777777777778
24020,"Glens Falls, NY",39,203,177,203,242,0.16115702479338842,0.8388429752066116
24140,"Goldsboro, NC",12,111,37,111,123,0.0975609756097561,0.9024390243902439
24220,"Grand Forks, ND-MN",59,200,230,200,259,0.2277992277992278,0.7722007722007722
24260,"Grand Island, NE",38,136,117,136,174,0.21839080459770116,0.7816091954022989
24300,"Grand Junction, CO",70,247,297,247,317,0.22082018927444794,0.7791798107255521
24340,"Grand Rapids-Wyoming-Kentwood, MI",450,1953,2387,1953,2403,0.18726591760299627,0.8127340823970037
24420,"Grants Pass, OR",18,90,63,90,108,0.16666666666666666,0.8333333333333334
24500,"Great Falls, MT",41,193,167,193,234,0.1752136752136752,0.8247863247863247
24540,"Greeley, CO",62,356,250,356,418,0.14832535885167464,0.8516746411483254
24580,"Green Bay, WI",92,383,373,383,475,0.1936842105263158,0.8063157894736842
24660,"Greensboro-High Point, NC",300,1325,1389,1325,1625,0.18461538461538463,0.8153846153846154
24780,"Greenville, NC",49,298,178,298,347,0.14121037463976946,0.8587896253602305
24860,"Greenville-Anderson-Greer, SC",424,1555,1866,1555,1979,0.21424962102071754,0.7857503789792825
25060,"Gulfport-Biloxi, MS",228,882,796,882,1110,0.20540540540540542,0.7945945945945946
25180,"Hagerstown-Martinsburg, MD-WV",84,306,284,306,390,0.2153846153846154,0.7846153846153846
25220,"Hammond, LA",40,193,129,193,233,0.17167381974248927,0.8283261802575107
25260,"Hanford-Corcoran, CA",14,55,70,55,69,0.2028985507246377,0.7971014492753623
25420,"Harrisburg-Carlisle, PA",549,1843,2709,1843,2392,0.2295150501672241,0.7704849498327759
25500,"Harrisonburg, VA",46,171,194,171,217,0.2119815668202765,0.7880184331797235
25620,"Hattiesburg, MS",80,340,271,340,420,0.19047619047619047,0.8095238095238095
25740,"Helena, MT",96,501,386,501,597,0.16080402010050251,0.8391959798994975
25860,"Hickory-Lenoir-Morganton, NC",50,407,182,407,457,0.10940919037199125,0.8905908096280087
25940,"Hilton Head Island-Bluffton-Port Royal, SC",120,652,424,652,772,0.15544041450777202,0.844559585492228
25980,"Hinesville, GA",15,73,69,73,88,0.17045454545454544,0.8295454545454546
26140,"Homosassa Springs, FL",20,150,74,150,170,0.11764705882352941,0.8823529411764706
26300,"Hot Springs, AR",35,246,108,246,281,0.12455516014234876,0.8754448398576512
26380,"Houma-Bayou Cane-Thibodaux, LA",62,292,175,292,354,0.1751412429378531,0.8248587570621468
26420,"Houston-Pasadena-The Woodlands, TX",4518,17178,26445,17178,21696,0.20824115044247787,0.7917588495575221
26580,"Huntington-Ashland, WV-KY-OH",143,587,540,587,730,0.1958904109589041,0.8041095890410959
26620,"Huntsville, AL",184,907,777,907,1091,0.1686526122823098,0.8313473877176902
26820,"Idaho Falls, ID",55,194,213,194,249,0.22088353413654618,0.7791164658634538
26900,"Indianapolis-Carmel-Greenwood, IN",1412,5408,8812,5408,6820,0.20703812316715542,0.7929618768328446
26980,"Iowa City, IA",85,385,324,385,470,0.18085106382978725,0.8191489361702128
27060,"Ithaca, NY",74,371,286,371,445,0.1662921348314607,0.8337078651685393
27100,"Jackson, MI",41,175,182,175,216,0.18981481481481483,0.8101851851851852
27140,"Jackson, MS",653,2180,3337,2180,2833,0.230497705612425,0.769502294387575
27180,"Jackson, TN",75,271,291,271,346,0.21676300578034682,0.7832369942196532
27260,"Jacksonville, FL",897,3606,4399,3606,4503,0.19920053297801465,0.8007994670219853
27340,"Jacksonville, NC",32,198,93,198,230,0.1391304347826087,0.8608695652173913
27500,"Janesville-Beloit, WI",52,199,216,199,251,0.20717131474103587,0.7928286852589641
27620,"Jefferson City, MO",106,509,418,509,615,0.17235772357723578,0.8276422764227642
27740,"Johnson City, TN",67,316,208,316,383,0.17493472584856398,0.825065274151436
27780,"Johnstown, PA",28,130,122,130,158,0.17721518987341772,0.8227848101265823
27860,"Jonesboro, AR",54,253,182,253,307,0.1758957654723127,0.8241042345276873
27900,"Joplin, MO-KS",64,257,263,257,321,0.19937694704049844,0.8006230529595015
27980,"Kahului-Wailuku, HI",53,325,201,325,378,0.1402116402116402,0.8597883597883598
28020,"Kalamazoo-Portage, MI",136,480,731,480,616,0.22077922077922077,0.7792207792207793
28100,"Kankakee, IL",17,100,55,100,117,0.1452991452991453,0.8547008547008547
28140,"Kansas City, MO-KS",1643,5653,9335,5653,7296,0.22519188596491227,0.7748081140350878
28420,"Kennewick-Richland, WA",96,282,331,282,378,0.25396825396825395,0.746031746031746
28450,"Kenosha, WI",45,139,189,139,184,0.24456521739130435,0.7554347826086957
28660,"Killeen-Temple, TX",85,404,276,404,489,0.1738241308793456,0.8261758691206544
28700,"Kingsport-Bristol, TN-VA",110,525,467,525,635,0.1732283464566929,0.8267716535433071
28740,"Kingston, NY",75,455,270,455,530,0.14150943396226415,0.8584905660377359
28880,"Kiryas Joel-Poughkeepsie-Newburgh, NY",297,1311,1389,1311,1608,0.18470149253731344,0.8152985074626866
28940,"Knoxville, TN",550,2056,2399,2056,2606,0.21105141980046047,0.7889485801995395
29020,"Kokomo, IN",19,85,49,85,104,0.18269230769230768,0.8173076923076923
29100,"La Crosse-Onalaska, WI-MN",57,275,233,275,332,0.1716867469879518,0.8283132530120482
29180,"Lafayette, LA",336,1137,1366,1137,1473,0.22810590631364563,0.7718940936863544
29200,"Lafayette-West Lafayette, IN",95,355,394,355,450,0.2111111111111111,0.7888888888888889
29340,"Lake Charles, LA",129,379,508,379,508,0.25393700787401574,0.7460629921259843
29420,"Lake Havasu City-Kingman, AZ",29,149,115,149,178,0.16292134831460675,0.8370786516853933
29460,"Lakeland-Winter Haven, FL",161,637,725,637,798,0.20175438596491227,0.7982456140350878
29540,"Lancaster, PA",132,557,728,557,689,0.19158200290275762,0.8084179970972424
29620,"Lansing-East Lansing, MI",395,1646,2064,1646,2041,0.19353258206761392,0.8064674179323861
29700,"Laredo, TX",57,239,209,239,296,0.19256756756756757,0.8074324324324325
29740,"Las Cruces, NM",71,342,277,342,413,0.17191283292978207,0.8280871670702179
29820,"Las Vegas-Henderson-North Las Vegas, NV",1132,3918,5495,3918,5050,0.22415841584158416,0.7758415841584159
29940,"Lawrence, KS",76,364,326,364,440,0.17272727272727273,0.8272727272727273
30020,"Lawton, OK",35,157,92,157,192,0.18229166666666666,0.8177083333333334
30140,"Lebanon, PA",22,119,89,119,141,0.15602836879432624,0.8439716312056738
30300,"Lewiston, ID-WA",28,97,96,97,125,0.224,0.776
30340,"Lewiston-Auburn, ME",47,148,206,148,195,0.24102564102564103,0.7589743589743589
30460,"Lexington-Fayette, KY",477,2161,2244,2161,2638,0.1808188021228203,0.8191811978771797
30500,"Lexington Park, MD",48,292,158,292,340,0.1411764705882353,0.8588235294117647
30620,"Lima, OH",41,167,139,167,208,0.1971153846153846,0.8028846153846154
30700,"Lincoln, NE",274,892,1211,892,1166,0.23499142367066894,0.7650085763293311
30780,"Little Rock-North Little Rock-Conway, AR",571,3061,2552,3061,3632,0.15721365638766518,0.8427863436123348
30860,"Logan, UT-ID",28,145,100,145,173,0.16184971098265896,0.838150289017341
30980,"Longview, TX",93,389,302,389,482,0.19294605809128632,0.8070539419087137
31020,"Longview-Kelso, WA",23,97,87,97,120,0.19166666666666668,0.8083333333333333
31080,"Los Angeles-Long Beach-Anaheim, CA",10617,40952,65109,40952,51569,0.2058795012507514,0.7941204987492486
31140,"Louisville/Jefferson County, KY-IN",899,3970,4410,3970,4869,0.18463750256726227,0.8153624974327377
31180,"Lubbock, TX",160,569,656,569,729,0.2194787379972565,0.7805212620027435
31340,"Lynchburg, VA",86,385,318,385,471,0.18259023354564755,0.8174097664543525
31420,"Macon-Bibb County, GA",181,529,741,529,710,0.2549295774647887,0.7450704225352113
31540,"Madison, WI",576,2397,3257,2397,2973,0.19374369323915236,0.8062563067608476
31700,"Manchester-Nashua, NH",240,932,1331,932,1172,0.20477815699658702,0.7952218430034129
31740,"Manhattan, KS",54,183,192,183,237,0.22784810126582278,0.7721518987341772
31860,"Mankato, MN",41,168,184,168,209,0.19617224880382775,0.8038277511961722
31900,"Mansfield, OH",49,170,144,170,219,0.2237442922374429,0.776255707762557
32580,"McAllen-Edinburg-Mission, TX",186,678,688,678,864,0.2152777777777778,0.7847222222222222
32780,"Medford, OR",75,397,284,397,472,0.15889830508474576,0.8411016949152542
32820,"Memphis, TN-MS-AR",742,2707,3780,2707,3449,0.21513482168744563,0.7848651783125543
32900,"Merced, CA",34,106,109,106,140,0.24285714285714285,0.7571428571428571
33100,"Miami-Fort Lauderdale-West Palm Beach, FL",5971,22017,29690,22017,27988,0.21334143204230385,0.7866585679576962
33140,"Michigan City-La Porte, IN",25,127,84,127,152,0.16447368421052633,0.8355263157894737
33220,"Midland, MI",47,190,197,190,237,0.19831223628691982,0.8016877637130801
33260,"Midland, TX",81,327,351,327,408,0.19852941176470587,0.8014705882352942
33340,"Milwaukee-Waukesha, WI",1012,3765,6520,3765,4777,0.21184844044379317,0.7881515595562069
33460,"Minneapolis-St. Paul-Bloomington, MN-WI",2446,14007,15901,14007,16453,0.14866589679693673,0.8513341032030632
33500,"Minot, ND",27,80,95,80,107,0.2523364485981308,0.7476635514018691
33540,"Missoula, MT",131,505,532,505,636,0.2059748427672956,0.7940251572327044
33660,"Mobile, AL",228,757,1110,757,985,0.23147208121827412,0.7685279187817259
33700,"Modesto, CA",93,403,391,403,496,0.1875,0.8125
33740,"Monroe, LA",112,381,397,381,493,0.22718052738336714,0.7728194726166329
33780,"Monroe, MI",23,167,75,167,190,0.12105263157894737,0.8789473684210526
33860,"Montgomery, AL",282,1135,1561,1135,1417,0.1990119971771348,0.8009880028228652
34060,"Morgantown, WV",99,490,401,490,589,0.16808149405772496,0.831918505942275
34100,"Morristown, TN",33,147,85,147,180,0.18333333333333332,0.8166666666666667
34580,"Mount Vernon-Anacortes, WA",46,244,158,244,290,0.15862068965517243,0.8413793103448276
34620,"Muncie, IN",32,105,133,105,137,0.23357664233576642,0.7664233576642335
34740,"Muskegon-Norton Shores, MI",45,198,145,198,243,0.18518518518518517,0.8148148148148148
34820,"Myrtle Beach-Conway-North Myrtle Beach, SC",142,549,583,549,691,0.20549927641099855,0.7945007235890015
34900,"Napa, CA",55,405,216,405,460,0.11956521739130435,0.8804347826086957
34940,"Naples-Marco Island, FL",239,1337,1160,1337,1576,0.1516497461928934,0.8483502538071066
34980,"Nashville-Davidson--Murfreesboro--Franklin, TN",1519,5834,7725,5834,7353,0.20658234734122127,0.7934176526587787
35380,"New Orleans-Metairie, LA",1458,5337,8291,5337,6795,0.21456953642384105,0.785430463576159
35620,"New York-Newark-Jersey City, NY-NJ",19477,65601,165190,65601,85078,0.22893109852135687,0.7710689014786432
35660,"Niles, MI",49,194,209,194,243,0.20164609053497942,0.7983539094650206
35840,"North Port-Bradenton-Sarasota, FL",444,2227,1698,2227,2671,0.1662298764507675,0.8337701235492325
36100,"Ocala, FL",89,422,353,422,511,0.17416829745596868,0.8258317025440313
36220,"Odessa, TX",34,111,139,111,145,0.23448275862068965,0.7655172413793103
36260,"Ogden, UT",154,913,550,913,1067,0.14432989690721648,0.8556701030927835
36420,"Oklahoma City, OK",908,3795,4361,3795,4703,0.19306825430576227,0.8069317456942378
36500,"Olympia-Lacey-Tumwater, WA",197,901,836,901,1098,0.17941712204007285,0.8205828779599271
36540,"Omaha, NE-IA",648,2289,3654,2289,2937,0.22063329928498468,0.7793667007150153
36740,"Orlando-Kissimmee-Sanford, FL",1444,5164,7941,5164,6608,0.2185230024213075,0.7814769975786925
36780,"Oshkosh-Neenah, WI",69,213,319,213,282,0.24468085106382978,0.7553191489361702
36980,"Owensboro, KY",38,159,133,159,197,0.19289340101522842,0.8071065989847716
37100,"Oxnard-Thousand Oaks-Ventura, CA",398,2243,1690,2243,2641,0.15070049223778872,0.8492995077622113
37140,"Paducah, KY-IL",53,202,198,202,255,0.20784313725490197,0.792156862745098
37340,"Palm Bay-Melbourne-Titusville, FL",203,1042,722,1042,1245,0.16305220883534136,0.8369477911646587
37460,"Panama City-Panama City Beach, FL",71,345,270,345,416,0.17067307692307693,0.8293269230769231
37620,"Parkersburg-Vienna, WV",20,131,90,131,151,0.13245033112582782,0.8675496688741722
37860,"Pensacola-Ferry Pass-Brent, FL",198,835,971,835,1033,0.19167473378509198,0.8083252662149081
37900,"Peoria, IL",162,574,864,574,736,0.22010869565217392,0.779891304347826
37980,"Philadelphia-Camden-Wilmington, PA-NJ-DE-MD",5000,18474,32947,18474,23474,0.21300161881230298,0.786998381187697
38060,"Phoenix-Mesa-Chandler, AZ",2325,9001,12233,9001,11326,0.20527988698569663,0.7947201130143033
38240,"Pinehurst-Southern Pines, NC",34,257,110,257,291,0.11683848797250859,0.8831615120274914
38300,"Pittsburgh, PA",1561,6337,9646,6337,7898,0.19764497341099013,0.8023550265890099
38340,"Pittsfield, MA",73,390,287,390,463,0.15766738660907129,0.8423326133909287
38540,"Pocatello, ID",29,125,142,125,154,0.18831168831168832,0.8116883116883117
38860,"Portland-South Portland, ME",378,1938,2231,1938,2316,0.16321243523316062,0.8367875647668394
38900,"Portland-Vancouver-Hillsboro, OR-WA",1651,7158,9171,7158,8809,0.18742195481893517,0.8125780451810648
38940,"Port St. Lucie, FL",181,784,665,784,965,0.18756476683937823,0.8124352331606217
39150,"Prescott Valley-Prescott, AZ",61,461,188,461,522,0.11685823754789272,0.8831417624521073
39300,"Providence-Warwick, RI-MA",1345,4925,5720,4925,6270,0.21451355661881977,0.7854864433811802
39340,"Provo-Orem-Lehi, UT",202,1014,816,1014,1216,0.16611842105263158,0.8338815789473685
39380,"Pueblo, CO",33,170,129,170,203,0.1625615763546798,0.8374384236453202
39460,"Punta Gorda, FL",43,267,147,267,310,0.13870967741935483,0.8612903225806452
39540,"Racine-Mount Pleasant, WI",61,226,267,226,287,0.21254355400696864,0.7874564459930313
39580,"Raleigh-Cary, NC",852,4737,4506,4737,5589,0.1524422973698336,0.8475577026301664
39660,"Rapid City, SD",73,305,303,305,378,0.1931216931216931,0.8068783068783069
39740,"Reading, PA",109,424,524,424,533,0.2045028142589118,0.7954971857410882
39820,"Redding, CA",56,283,202,283,339,0.16519174041297935,0.8348082595870207
39900,"Reno, NV",301,1280,1251,1280,1581,0.19038583175205567,0.8096141682479443
40060,"Richmond, VA",964,4090,5465,4090,5054,0.19074000791452314,0.8092599920854768
40140,"Riverside-San Bernardino-Ontario, CA",824,4387,3491,4387,5211,0.1581270389560545,0.8418729610439455
40220,"Roanoke, VA",178,822,789,822,1000,0.178,0.822
40340,"Rochester, MN",70,348,304,348,418,0.1674641148325359,0.8325358851674641
40380,"Rochester, NY",515,1891,2937,1891,2406,0.21404821280133002,0.78595178719867
40420,"Rockford, IL",144,462,630,462,606,0.2376237623762376,0.7623762376237624
40580,"Rocky Mount, NC",20,179,89,179,199,0.10050251256281408,0.8994974874371859
40660,"Rome, GA",47,184,170,184,231,0.20346320346320346,0.7965367965367965
40900,"Sacramento-Roseville-Folsom, CA",1589,6467,8423,6467,8056,0.19724428997020854,0.8027557100297915
40980,"Saginaw, MI",64,276,255,276,340,0.18823529411764706,0.8117647058823529
41060,"St. Cloud, MN",55,251,311,251,306,0.17973856209150327,0.8202614379084967
41100,"St. George, UT",56,288,238,288,344,0.16279069767441862,0.8372093023255814
41140,"St. Joseph, MO-KS",25,125,86,125,150,0.16666666666666666,0.8333333333333334
41180,"St. Louis, MO-IL",1567,6682,9403,6682,8249,0.18996241968723482,0.8100375803127652
41420,"Salem, OR",215,915,1199,915,1130,0.1902654867256637,0.8097345132743363
41500,"Salinas, CA",152,827,597,827,979,0.15526046986721145,0.8447395301327886
41540,"Salisbury, MD",41,174,117,174,215,0.19069767441860466,0.8093023255813954
41620,"Salt Lake City-Murray, UT",936,3308,5619,3308,4244,0.22054665409990576,0.7794533459000943
41660,"San Angelo, TX",36,157,115,157,193,0.18652849740932642,0.8134715025906736
41700,"San Antonio-New Braunfels, TX",1198,4982,5305,4982,6180,0.19385113268608414,0.8061488673139159
41740,"San Diego-Chula Vista-Carlsbad, CA",2442,10890,13173,10890,13332,0.18316831683168316,0.8168316831683168
41780,"Sandusky, OH",61,315,193,315,376,0.1622340425531915,0.8377659574468085
41860,"San Francisco-Oakland-Fremont, CA",5174,22430,32708,22430,27604,0.18743660339081292,0.8125633966091871
41940,"San Jose-Sunnyvale-Santa Clara, CA",1412,5782,10013,5782,7194,0.19627467333889353,0.8037253266611065
42020,"San Luis Obispo-Paso Robles, CA",130,801,418,801,931,0.13963480128893663,0.8603651987110634
42100,"Santa Cruz-Watsonville, CA",112,771,411,771,883,0.12684031710079274,0.8731596828992072
42140,"Santa Fe, NM",254,1042,1067,1042,1296,0.19598765432098766,0.8040123456790124
42200,"Santa Maria-Santa Barbara, CA",206,1376,851,1376,1582,0.1302149178255373,0.8697850821744627
42220,"Santa Rosa-Petaluma, CA",208,1543,855,1543,1751,0.11878926327812679,0.8812107367218732
42340,"Savannah, GA",243,872,998,872,1115,0.2179372197309417,0.7820627802690583
42540,"Scranton--Wilkes-Barre, PA",277,918,1225,918,1195,0.2317991631799163,0.7682008368200837
42660,"Seattle-Tacoma-Bellevue, WA",2928,11494,17855,11494,14422,0.20302315906254334,0.7969768409374567
42680,"Sebastian-Vero Beach-West Vero Corridor, FL",76,426,262,426,502,0.15139442231075698,0.848605577689243
42700,"Sebring, FL",20,122,56,122,142,0.14084507042253522,0.8591549295774648
43100,"Sheboygan, WI",28,126,127,126,154,0.18181818181818182,0.8181818181818182
43300,"Sherman-Denison, TX",41,196,152,196,237,0.1729957805907173,0.8270042194092827
43340,"Shreveport-Bossier City, LA",219,796,887,796,1015,0.21576354679802956,0.7842364532019704
43420,"Sierra Vista-Douglas, AZ",22,155,58,155,177,0.12429378531073447,0.8757062146892656
43580,"Sioux City, IA-NE-SD",80,210,344,210,290,0.27586206896551724,0.7241379310344828
43620,"Sioux Falls, SD-MN",131,466,572,466,597,0.21943048576214405,0.7805695142378559
43640,"Slidell-Mandeville-Covington, LA",205,1078,798,1078,1283,0.1597817614964926,0.8402182385035074
43780,"South Bend-Mishawaka, IN-MI",146,630,649,630,776,0.18814432989690721,0.8118556701030928
43900,"Spartanburg, SC",97,400,414,400,497,0.19517102615694165,0.8048289738430584
44060,"Spokane-Spokane Valley, WA",323,1228,1520,1228,1551,0.2082527401676338,0.7917472598323663
44100,"Springfield, IL",170,707,841,707,877,0.19384264538198404,0.806157354618016
44140,"Springfield, MA",295,1132,1323,1132,1427,0.20672740014015417,0.7932725998598459
44180,"Springfield, MO",201,742,816,742,943,0.21314952279957583,0.7868504772004242
44220,"Springfield, OH",39,161,134,161,200,0.195,0.805
44300,"State College, PA",45,282,177,282,327,0.13761467889908258,0.8623853211009175
44420,"Staunton-Stuarts Draft, VA",26,130,102,130,156,0.16666666666666666,0.8333333333333334
44700,"Stockton-Lodi, CA",118,579,509,579,697,0.16929698708751795,0.830703012912482
44940,"Sumter, SC",31,129,100,129,160,0.19375,0.80625
45060,"Syracuse, NY",412,1301,2084,1301,1713,0.24051371862230006,0.7594862813776999
45220,"Tallahassee, FL",492,2096,2467,2096,2588,0.1901081916537867,0.8098918083462133
45300,"Tampa-St. Petersburg-Clearwater, FL",1977,7467,10485,7467,9444,0.20933926302414232,0.7906607369758577
45460,"Terre Haute, IN",41,166,176,166,207,0.19806763285024154,0.8019323671497585
45500,"Texarkana, TX-AR",71,248,208,248,319,0.2225705329153605,0.7774294670846394
45780,"Toledo, OH",328,1370,1559,1370,1698,0.19316843345111898,0.806831566548881
45820,"Topeka, KS",238,804,1127,804,1042,0.22840690978886757,0.7715930902111324
45900,"Traverse City, MI",100,510,368,510,610,0.16393442622950818,0.8360655737704918
45940,"Trenton-Princeton, NJ",412,1398,2384,1398,1810,0.2276243093922652,0.7723756906077348
46060,"Tucson, AZ",430,2244,1872,2244,2674,0.16080777860882572,0.8391922213911742
46140,"Tulsa, OK",551,2403,2651,2403,2954,0.1865267433987813,0.8134732566012187
46220,"Tuscaloosa, AL",126,413,454,413,539,0.23376623376623376,0.7662337662337663
46300,"Twin Falls, ID",29,101,104,101,130,0.2230769230769231,0.7769230769230769
46340,"Tyler, TX",126,466,479,466,592,0.21283783783783783,0.7871621621621622
46520,"Urban Honolulu, HI",554,2158,3580,2158,2712,0.2042772861356932,0.7957227138643068
46540,"Utica-Rome, NY",109,384,411,384,493,0.2210953346855984,0.7789046653144016
46660,"Valdosta, GA",52,174,228,174,226,0.23008849557522124,0.7699115044247787
46700,"Vallejo, CA",75,497,322,497,572,0.13111888111888112,0.8688811188811189
47020,"Victoria, TX",32,162,101,162,194,0.16494845360824742,0.8350515463917526
47220,"Vineland, NJ",36,143,105,143,179,0.2011173184357542,0.7988826815642458
47260,"Virginia Beach-Chesapeake-Norfolk, VA-NC",836,3364,3618,3364,4200,0.19904761904761906,0.800952380952381
47300,"Visalia, CA",48,263,213,263,311,0.15434083601286175,0.8456591639871383
47380,"Waco, TX",120,471,493,471,591,0.20304568527918782,0.7969543147208121
47460,"Walla Walla, WA",27,97,73,97,124,0.21774193548387097,0.782258064516129
47580,"Warner Robins, GA",36,182,138,182,218,0.1651376146788991,0.8348623853211009
47900,"Washington-Arlington-Alexandria, DC-VA-MD-WV",10130,47021,80456,47021,57151,0.17724974191177756,0.8227502580882224
47940,"Waterloo-Cedar Falls, IA",67,186,269,186,253,0.2648221343873518,0.7351778656126482
48060,"Watertown-Fort Drum, NY",30,122,99,122,152,0.19736842105263158,0.8026315789473685
48140,"Wausau, WI",76,240,326,240,316,0.24050632911392406,0.759493670886076
48260,"Weirton-Steubenville, WV-OH",44,156,141,156,200,0.22,0.78
48300,"Wenatchee-East Wenatchee, WA",58,191,243,191,249,0.23293172690763053,0.7670682730923695
48540,"Wheeling, WV-OH",87,232,408,232,319,0.2727272727272727,0.7272727272727273
48620,"Wichita, KS",272,869,1374,869,1141,0.23838737949167396,0.761612620508326
48660,"Wichita Falls, TX",37,216,117,216,253,0.14624505928853754,0.8537549407114624
48680,"Wildwood-The Villages, FL",11,245,27,245,256,0.04296875,0.95703125
48700,"Williamsport, PA",52,123,242,123,175,0.29714285714285715,0.7028571428571428
48900,"Wilmington, NC",180,1069,648,1069,1249,0.14411529223378702,0.855884707766213
49020,"Winchester, VA-WV",49,221,168,221,270,0.1814814814814815,0.8185185185185185
49180,"Winston-Salem, NC",187,1077,975,1077,1264,0.14794303797468356,0.8520569620253164
49340,"Worcester, MA",422,1787,1648,1787,2209,0.19103666817564507,0.8089633318243549
49420,"Yakima, WA",75,245,321,245,320,0.234375,0.765625
49620,"York-Hanover, PA",100,389,546,389,489,0.20449897750511248,0.7955010224948875
49660,"Youngstown-Warren, OH",162,659,563,659,821,0.19732034104750304,0.8026796589524969
49700,"Yuba City, CA",22,163,63,163,185,0.11891891891891893,0.8810810810810811
49740,"Yuma, AZ",22,132,75,132,154,0.14285714285714285,0.8571428571428571
